countries,year,carriers,AL,GR,ME,BA,HR,RS,BE,FR,LU,NL,BG,MK,RO,CH,DE,IT,CZ,PL,SK,DK,SE,EE,LV,ES,PT,FI,GB,IE,HU,AT,SI,LT,NO
AL,2030,elec,0.0,0.0,6.872178911463975,0.0,0.0,5.8180008710115505,0.0,0.0,0.0,0.0,0.0,0.34419918082861006,0.0,0.0,0.0,0.0,0.0,0.0,0.0,0.0,0.0,0.0,0.0,0.0,0.0,0.0,0.0,0.0,0.0,0.0,0.0,0.0,0.0
GR,2030,elec,8.425321392013174,0.0,0.0,0.0,0.0,0.0,0.0,0.0,0.0,0.0,6.854441353209965,19.3742747613683,0.0,0.0,0.0,0.7749895916836077,0.0,0.0,0.0,0.0,0.0,0.0,0.0,0.0,0.0,0.0,0.0,0.0,0.0,0.0,0.0,0.0,0.0
ME,2030,elec,0.2627096596095493,0.0,0.0,4.940786889819097,0.0,4.478534281402233,0.0,0.0,0.0,0.0,0.0,0.0,0.0,0.0,0.0,0.0,0.0,0.0,0.0,0.0,0.0,0.0,0.0,0.0,0.0,0.0,0.0,0.0,0.0,0.0,0.0,0.0,0.0
BA,2030,elec,0.0,0.0,3.2749117544324604,0.0,7.458551666158062,4.2632717552881765,0.0,0.0,0.0,0.0,0.0,0.0,0.0,0.0,0.0,0.0,0.0,0.0,0.0,0.0,0.0,0.0,0.0,0.0,0.0,0.0,0.0,0.0,0.0,0.0,0.0,0.0,0.0
HR,2030,elec,0.0,0.0,0.0,9.957247282266009,0.0,3.5258565419973573,0.0,0.0,0.0,0.0,0.0,0.0,0.0,0.0,0.0,0.0,0.0,0.0,0.0,0.0,0.0,0.0,0.0,0.0,0.0,0.0,0.0,0.0,9.150005280228743,0.0,4.913026246239323,0.0,0.0
RS,2030,elec,0.0,0.0,0.47294082431751794,2.3330211137574794,2.265092123404461,0.0,0.0,0.0,0.0,0.0,0.40086250838674287,0.14061119687638715,2.192950800181211,0.0,0.0,0.0,0.0,0.0,0.0,0.0,0.0,0.0,0.0,0.0,0.0,0.0,0.0,0.0,3.6449488267600443,0.0,0.0,0.0,0.0
BE,2030,elec,0.0,0.0,0.0,0.0,0.0,0.0,0.0,4.131433706998125,6.715894201273574,12.11686333166012,0.0,0.0,0.0,0.0,0.0,0.0,0.0,0.0,0.0,0.0,0.0,0.0,0.0,0.0,0.0,0.0,7.774971937742526,0.0,0.0,0.0,0.0,0.0,0.0
FR,2030,elec,0.0,0.0,0.0,0.0,0.0,0.0,52.03889019677874,0.0,0.0,0.0,0.0,0.0,0.0,44.96931281091662,48.69127695168416,4.9285199774814235,0.0,0.0,0.0,0.0,0.0,0.0,0.0,4.247723613972175,0.0,0.0,18.63192342989615,2.4761456771816914,0.0,0.0,0.0,0.0,0.0
LU,2030,elec,0.0,0.0,0.0,0.0,0.0,0.0,0.4858161080286297,0.0,0.0,0.0,0.0,0.0,0.0,0.0,2.00262604390298,0.0,0.0,0.0,0.0,0.0,0.0,0.0,0.0,0.0,0.0,0.0,0.0,0.0,0.0,0.0,0.0,0.0,0.0
NL,2030,elec,0.0,0.0,0.0,0.0,0.0,0.0,7.947509665491298,0.0,0.0,0.0,0.0,0.0,0.0,0.0,45.117152580948854,0.0,0.0,0.0,0.0,0.0,0.0,0.0,0.0,0.0,0.0,0.0,17.50405013789864,0.0,0.0,0.0,0.0,0.0,4.598895973041122
BG,2030,elec,0.0,0.0,0.0,0.0,0.0,3.3823926973894585,0.0,0.0,0.0,0.0,0.0,0.531808537638886,8.153258888938716,0.0,0.0,0.0,0.0,0.0,0.0,0.0,0.0,0.0,0.0,0.0,0.0,0.0,0.0,0.0,0.0,0.0,0.0,0.0,0.0
MK,2030,elec,0.8775440284319341,0.0,0.0,0.0,0.0,11.044529181200605,0.0,0.0,0.0,0.0,1.6895381113965497,0.0,0.0,0.0,0.0,0.0,0.0,0.0,0.0,0.0,0.0,0.0,0.0,0.0,0.0,0.0,0.0,0.0,0.0,0.0,0.0,0.0,0.0
RO,2030,elec,0.0,0.0,0.0,0.0,0.0,6.421714057257912,0.0,0.0,0.0,0.0,0.38163478911176607,0.0,0.0,0.0,0.0,0.0,0.0,0.0,0.0,0.0,0.0,0.0,0.0,0.0,0.0,0.0,0.0,0.0,9.086412410744664,0.0,0.0,0.0,0.0
CH,2030,elec,0.0,0.0,0.0,0.0,0.0,0.0,0.0,3.0346305256193813,0.0,0.0,0.0,0.0,0.0,0.0,106.2276317329802,6.967339342150267,0.0,0.0,0.0,0.0,0.0,0.0,0.0,0.0,0.0,0.0,0.0,0.0,0.0,22.924921433336255,0.0,0.0,0.0
DE,2030,elec,0.0,0.0,0.0,0.0,0.0,0.0,0.0,2.754000467384838,2.3432790771038903,9.844695785608405,0.0,0.0,0.0,8.588183606672427,0.0,0.0,15.770922531725407,25.11241929465828,0.0,2.621556764158436,3.595621774799345,0.0,0.0,0.0,0.0,0.0,0.0,0.0,0.0,14.930906889723444,0.0,0.0,0.0
IT,2030,elec,0.0,2.8256168423766943,0.0,0.0,0.0,0.0,0.0,16.915468508864898,0.0,0.0,0.0,0.0,0.0,59.70992430009875,0.0,0.0,0.0,0.0,0.0,0.0,0.0,0.0,0.0,0.0,0.0,0.0,0.0,0.0,0.0,4.870364125847519,25.005217455214414,0.0,0.0
CZ,2030,elec,0.0,0.0,0.0,0.0,0.0,0.0,0.0,0.0,0.0,0.0,0.0,0.0,0.0,0.0,3.070094345998823,0.0,0.0,17.96160417707345,4.824382865555794,0.0,0.0,0.0,0.0,0.0,0.0,0.0,0.0,0.0,0.0,0.0,0.0,0.0,0.0
PL,2030,elec,0.0,0.0,0.0,0.0,0.0,0.0,0.0,0.0,0.0,0.0,0.0,0.0,0.0,0.0,0.746560605925753,0.0,0.3562979936163693,0.0,0.7400999586597721,0.0,2.3383274347071668,0.0,0.0,0.0,0.0,0.0,0.0,0.0,0.0,0.0,0.0,2.550026191752763,0.0
SK,2030,elec,0.0,0.0,0.0,0.0,0.0,0.0,0.0,0.0,0.0,0.0,0.0,0.0,0.0,0.0,0.0,0.0,9.073762453798246,13.320604231463424,0.0,0.0,0.0,0.0,0.0,0.0,0.0,0.0,0.0,0.0,3.973368059753945,0.0,0.0,0.0,0.0
DK,2030,elec,0.0,0.0,0.0,0.0,0.0,0.0,0.0,0.0,0.0,0.0,0.0,0.0,0.0,0.0,1.9822679730724042,0.0,0.0,0.0,0.0,0.0,0.9600794137247364,0.0,0.0,0.0,0.0,0.0,0.23803393068625217,0.0,0.0,0.0,0.0,0.0,10.917335990974431
SE,2030,elec,0.0,0.0,0.0,0.0,0.0,0.0,0.0,0.0,0.0,0.0,0.0,0.0,0.0,0.0,1.4399108679178672,0.0,0.0,2.3954051579347473,0.0,0.7562945514305759,0.0,0.0,0.0,0.0,0.0,2.364436229944953,0.0,0.0,0.0,0.0,0.0,2.3298790223239454,13.30454950190156
EE,2030,elec,0.0,0.0,0.0,0.0,0.0,0.0,0.0,0.0,0.0,0.0,0.0,0.0,0.0,0.0,0.0,0.0,0.0,0.0,0.0,0.0,0.0,0.0,2.4109098452812336,0.0,0.0,3.397663430538489,0.0,0.0,0.0,0.0,0.0,0.0,0.0
LV,2030,elec,0.0,0.0,0.0,0.0,0.0,0.0,0.0,0.0,0.0,0.0,0.0,0.0,0.0,0.0,0.0,0.0,0.0,0.0,0.0,0.0,0.0,4.411284070140433,0.0,0.0,0.0,0.0,0.0,0.0,0.0,0.0,0.0,4.634720252705009,0.0
ES,2030,elec,0.0,0.0,0.0,0.0,0.0,0.0,0.0,227.51822762607708,0.0,0.0,0.0,0.0,0.0,0.0,0.0,0.0,0.0,0.0,0.0,0.0,0.0,0.0,0.0,0.0,2.597544638723888,0.0,0.0,0.0,0.0,0.0,0.0,0.0,0.0
PT,2030,elec,0.0,0.0,0.0,0.0,0.0,0.0,0.0,0.0,0.0,0.0,0.0,0.0,0.0,0.0,0.0,0.0,0.0,0.0,0.0,0.0,0.0,0.0,0.0,20.039595359274156,0.0,0.0,0.0,0.0,0.0,0.0,0.0,0.0,0.0
FI,2030,elec,0.0,0.0,0.0,0.0,0.0,0.0,0.0,0.0,0.0,0.0,0.0,0.0,0.0,0.0,0.0,0.0,0.0,0.0,0.0,0.0,0.263748173335581,0.5392991370403001,0.0,0.0,0.0,0.0,0.0,0.0,0.0,0.0,0.0,0.0,0.0
GB,2030,elec,0.0,0.0,0.0,0.0,0.0,0.0,12.757744408882076,19.487379207048875,0.0,41.97861176361266,0.0,0.0,0.0,0.0,0.0,0.0,0.0,0.0,0.0,0.7884249354938235,0.0,0.0,0.0,0.0,0.0,0.0,0.0,0.959153571589886,0.0,0.0,0.0,0.0,0.0
IE,2030,elec,0.0,0.0,0.0,0.0,0.0,0.0,0.0,3.088416493240333,0.0,0.0,0.0,0.0,0.0,0.0,0.0,0.0,0.0,0.0,0.0,0.0,0.0,0.0,0.0,0.0,0.0,0.0,1.2710636565759446,0.0,0.0,0.0,0.0,0.0,0.0
HU,2030,elec,0.0,0.0,0.0,0.0,1.3602710668504612,3.2611827429284315,0.0,0.0,0.0,0.0,0.0,0.0,6.1752555861335665,0.0,0.0,0.0,0.0,0.0,16.702781947104143,0.0,0.0,0.0,0.0,0.0,0.0,0.0,0.0,0.0,0.0,4.73576677638865,0.0,0.0,0.0
AT,2030,elec,0.0,0.0,0.0,0.0,0.0,0.0,0.0,0.0,0.0,0.0,0.0,0.0,0.0,0.3634155731582065,27.40602349666085,0.3088771848502616,16.235294459933904,0.0,0.0,0.0,0.0,0.0,0.0,0.0,0.0,0.0,0.0,0.0,8.344798818129581,0.0,7.651124344566156,0.0,0.0
SI,2030,elec,0.0,0.0,0.0,0.0,19.849474367430293,0.0,0.0,0.0,0.0,0.0,0.0,0.0,0.0,0.0,0.0,0.8818781685875499,0.0,0.0,0.0,0.0,0.0,0.0,0.0,0.0,0.0,0.0,0.0,0.0,0.0,15.006923308874905,0.0,0.0,0.0
LT,2030,elec,0.0,0.0,0.0,0.0,0.0,0.0,0.0,0.0,0.0,0.0,0.0,0.0,0.0,0.0,0.0,0.0,0.0,7.374763635529138,0.0,0.0,2.907266595524626,0.0,2.0190314274171426,0.0,0.0,0.0,0.0,0.0,0.0,0.0,0.0,0.0,0.0
NO,2030,elec,0.0,0.0,0.0,0.0,0.0,0.0,0.0,0.0,0.0,1.4607854203858923,0.0,0.0,0.0,0.0,0.0,0.0,0.0,0.0,0.0,9.67777703742078,12.299607871711498,0.0,0.0,0.0,0.0,0.0,0.0,0.0,0.0,0.0,0.0,0.0,0.0
AL,2035,elec,0.0,4.330335638026063,6.5616808567829725,0.0,0.0,3.37469761711589,0.0,0.0,0.0,0.0,0.0,2.443846414879764,0.0,0.0,0.0,0.0,0.0,0.0,0.0,0.0,0.0,0.0,0.0,0.0,0.0,0.0,0.0,0.0,0.0,0.0,0.0,0.0,0.0
GR,2035,elec,4.369748645831982,0.0,0.0,0.0,0.0,0.0,0.0,0.0,0.0,0.0,2.5910751493645794,8.184572950367347,0.0,0.0,0.0,34.01697718644874,0.0,0.0,0.0,0.0,0.0,0.0,0.0,0.0,0.0,0.0,0.0,0.0,0.0,0.0,0.0,0.0,0.0
ME,2035,elec,2.9174630445129366,0.0,0.0,8.152191848979953,0.0,2.471102163998338,0.0,0.0,0.0,0.0,0.0,0.0,0.0,0.0,0.0,0.0,0.0,0.0,0.0,0.0,0.0,0.0,0.0,0.0,0.0,0.0,0.0,0.0,0.0,0.0,0.0,0.0,0.0
BA,2035,elec,0.0,0.0,5.361167597098557,0.0,16.48307451437799,4.234264522043891,0.0,0.0,0.0,0.0,0.0,0.0,0.0,0.0,0.0,0.0,0.0,0.0,0.0,0.0,0.0,0.0,0.0,0.0,0.0,0.0,0.0,0.0,0.0,0.0,0.0,0.0,0.0
HR,2035,elec,0.0,0.0,0.0,9.992744796878762,0.0,3.5126912424530365,0.0,0.0,0.0,0.0,0.0,0.0,0.0,0.0,0.0,0.0,0.0,0.0,0.0,0.0,0.0,0.0,0.0,0.0,0.0,0.0,0.0,0.0,6.843486906058272,0.0,24.013358065394723,0.0,0.0
RS,2035,elec,1.7330661856324516,0.0,3.105245887082252,6.16337757846436,5.482829709904882,0.0,0.0,0.0,0.0,0.0,0.7069382827165698,4.022597216191226,1.3759179237187826,0.0,0.0,0.0,0.0,0.0,0.0,0.0,0.0,0.0,0.0,0.0,0.0,0.0,0.0,0.0,6.765616271134475,0.0,0.0,0.0,0.0
BE,2035,elec,0.0,0.0,0.0,0.0,0.0,0.0,0.0,14.885040073887055,8.866164745024072,19.649456160776225,0.0,0.0,0.0,0.0,0.0,0.0,0.0,0.0,0.0,0.0,0.0,0.0,0.0,0.0,0.0,0.0,7.2159324187666725,0.0,0.0,0.0,0.0,0.0,0.0
FR,2035,elec,0.0,0.0,0.0,0.0,0.0,0.0,45.570765138946086,0.0,0.0,0.0,0.0,0.0,0.0,64.74353546756558,48.18243001410809,33.8877232676746,0.0,0.0,0.0,0.0,0.0,0.0,0.0,75.31161137274808,0.0,0.0,53.03187920091089,19.54115972070035,0.0,0.0,0.0,0.0,0.0
LU,2035,elec,0.0,0.0,0.0,0.0,0.0,0.0,2.5489508691862515,0.0,0.0,0.0,0.0,0.0,0.0,0.0,4.618554118368236,0.0,0.0,0.0,0.0,0.0,0.0,0.0,0.0,0.0,0.0,0.0,0.0,0.0,0.0,0.0,0.0,0.0,0.0
NL,2035,elec,0.0,0.0,0.0,0.0,0.0,0.0,20.947774680866434,0.0,0.0,0.0,0.0,0.0,0.0,0.0,66.54896689493953,0.0,0.0,0.0,0.0,0.492030413385535,0.0,0.0,0.0,0.0,0.0,0.0,16.804044364196734,0.0,0.0,0.0,0.0,0.0,3.109496573666492
BG,2035,elec,0.0,6.5132748678509,0.0,0.0,0.0,6.36548138185383,0.0,0.0,0.0,0.0,0.0,5.55172944805491,12.294073509086582,0.0,0.0,0.0,0.0,0.0,0.0,0.0,0.0,0.0,0.0,0.0,0.0,0.0,0.0,0.0,0.0,0.0,0.0,0.0,0.0
MK,2035,elec,1.9496225401788327,10.197548959467042,0.0,0.0,0.0,8.720967133602128,0.0,0.0,0.0,0.0,0.9296773778808396,0.0,0.0,0.0,0.0,0.0,0.0,0.0,0.0,0.0,0.0,0.0,0.0,0.0,0.0,0.0,0.0,0.0,0.0,0.0,0.0,0.0,0.0
RO,2035,elec,0.0,0.0,0.0,0.0,0.0,14.08187626582745,0.0,0.0,0.0,0.0,4.458309148635017,0.0,0.0,0.0,0.0,0.0,0.0,0.0,0.0,0.0,0.0,0.0,0.0,0.0,0.0,0.0,0.0,0.0,17.332168528867463,0.0,0.0,0.0,0.0
CH,2035,elec,0.0,0.0,0.0,0.0,0.0,0.0,0.0,20.696812150838632,0.0,0.0,0.0,0.0,0.0,0.0,72.97050521803328,49.31531448675222,0.0,0.0,0.0,0.0,0.0,0.0,0.0,0.0,0.0,0.0,0.0,0.0,0.0,15.697597361567126,0.0,0.0,0.0
DE,2035,elec,0.0,0.0,0.0,0.0,0.0,0.0,0.0,13.274936394082786,4.670621481580069,23.884233172273404,0.0,0.0,0.0,27.735672115324228,0.0,0.0,10.25517990044554,17.420907347491593,0.0,1.0555354178060041,24.075851465132907,0.0,0.0,0.0,0.0,0.0,0.0,0.0,0.0,29.328060167703974,0.0,0.0,7.102350300516667
IT,2035,elec,0.0,11.605336768578889,0.0,0.0,0.0,0.0,0.0,11.284003857021926,0.0,0.0,0.0,0.0,0.0,23.97806676243485,0.0,0.0,0.0,0.0,0.0,0.0,0.0,0.0,0.0,0.0,0.0,0.0,0.0,0.0,0.0,1.6981926851567997,5.856095308729615,0.0,0.0
CZ,2035,elec,0.0,0.0,0.0,0.0,0.0,0.0,0.0,0.0,0.0,0.0,0.0,0.0,0.0,0.0,8.597370176272989,0.0,0.0,17.32298313288166,7.430866758732848,0.0,0.0,0.0,0.0,0.0,0.0,0.0,0.0,0.0,0.0,6.079633153788615,0.0,0.0,0.0
PL,2035,elec,0.0,0.0,0.0,0.0,0.0,0.0,0.0,0.0,0.0,0.0,0.0,0.0,0.0,0.0,12.538119378022099,0.0,13.040968100905337,0.0,9.261247436695937,0.0,4.357055119093042,0.0,0.0,0.0,0.0,0.0,0.0,0.0,0.0,0.0,0.0,6.5298612724708125,0.0
SK,2035,elec,0.0,0.0,0.0,0.0,0.0,0.0,0.0,0.0,0.0,0.0,0.0,0.0,0.0,0.0,0.0,0.0,15.93243265156003,14.857718426702023,0.0,0.0,0.0,0.0,0.0,0.0,0.0,0.0,0.0,0.0,12.76598330541296,0.0,0.0,0.0,0.0
DK,2035,elec,0.0,0.0,0.0,0.0,0.0,0.0,0.0,0.0,0.0,0.7550634396802103,0.0,0.0,0.0,0.0,3.0552743934122573,0.0,0.0,0.0,0.0,0.0,0.5214889129498466,0.0,0.0,0.0,0.0,0.0,7.106566762032994,0.0,0.0,0.0,0.0,0.0,8.085840156571031
SE,2035,elec,0.0,0.0,0.0,0.0,0.0,0.0,0.0,0.0,0.0,0.0,0.0,0.0,0.0,0.0,124.11728514507942,0.0,0.0,13.355288091901548,0.0,0.6884166265921232,0.0,0.0,0.0,0.0,0.0,0.2223451701125429,0.0,0.0,0.0,0.0,0.0,2.4783578952193084,24.56779122046713
EE,2035,elec,0.0,0.0,0.0,0.0,0.0,0.0,0.0,0.0,0.0,0.0,0.0,0.0,0.0,0.0,0.0,0.0,0.0,0.0,0.0,0.0,0.0,0.0,37.199093918812736,0.0,0.0,0.8392324993401133,0.0,0.0,0.0,0.0,0.0,0.0,0.0
LV,2035,elec,0.0,0.0,0.0,0.0,0.0,0.0,0.0,0.0,0.0,0.0,0.0,0.0,0.0,0.0,0.0,0.0,0.0,0.0,0.0,0.0,0.0,5.929570081323017,0.0,0.0,0.0,0.0,0.0,0.0,0.0,0.0,0.0,33.08921083950574,0.0
ES,2035,elec,0.0,0.0,0.0,0.0,0.0,0.0,0.0,121.42996446024642,0.0,0.0,0.0,0.0,0.0,0.0,0.0,0.0,0.0,0.0,0.0,0.0,0.0,0.0,0.0,0.0,16.955146198212994,0.0,0.0,0.0,0.0,0.0,0.0,0.0,0.0
PT,2035,elec,0.0,0.0,0.0,0.0,0.0,0.0,0.0,0.0,0.0,0.0,0.0,0.0,0.0,0.0,0.0,0.0,0.0,0.0,0.0,0.0,0.0,0.0,0.0,10.780118259575486,0.0,0.0,0.0,0.0,0.0,0.0,0.0,0.0,0.0
FI,2035,elec,0.0,0.0,0.0,0.0,0.0,0.0,0.0,0.0,0.0,0.0,0.0,0.0,0.0,0.0,0.0,0.0,0.0,0.0,0.0,0.0,0.7576636990702414,1.2891146150344321,0.0,0.0,0.0,0.0,0.0,0.0,0.0,0.0,0.0,0.0,0.0
GB,2035,elec,0.0,0.0,0.0,0.0,0.0,0.0,61.51471182163907,78.65171273969706,0.0,45.701817603154204,0.0,0.0,0.0,0.0,0.0,0.0,0.0,0.0,0.0,6.448225941291869,0.0,0.0,0.0,0.0,0.0,0.0,0.0,6.111462037308856,0.0,0.0,0.0,0.0,8.17927488422495
IE,2035,elec,0.0,0.0,0.0,0.0,0.0,0.0,0.0,40.33351225129263,0.0,0.0,0.0,0.0,0.0,0.0,0.0,0.0,0.0,0.0,0.0,0.0,0.0,0.0,0.0,0.0,0.0,0.0,14.111159400278016,0.0,0.0,0.0,0.0,0.0,0.0
HU,2035,elec,0.0,0.0,0.0,0.0,8.397931008702862,5.0564824910011685,0.0,0.0,0.0,0.0,0.0,0.0,7.63354001591768,0.0,0.0,0.0,0.0,0.0,26.108146282607276,0.0,0.0,0.0,0.0,0.0,0.0,0.0,0.0,0.0,0.0,14.048205229443276,0.0,0.0,0.0
AT,2035,elec,0.0,0.0,0.0,0.0,0.0,0.0,0.0,0.0,0.0,0.0,0.0,0.0,0.0,4.364869708919848,33.149653104046955,2.6660460623372533,9.020345880529067,0.0,0.0,0.0,0.0,0.0,0.0,0.0,0.0,0.0,0.0,0.0,6.4362483239732065,0.0,14.839862619530747,0.0,0.0
SI,2035,elec,0.0,0.0,0.0,0.0,7.919660021384865,0.0,0.0,0.0,0.0,0.0,0.0,0.0,0.0,0.0,0.0,13.038347298628647,0.0,0.0,0.0,0.0,0.0,0.0,0.0,0.0,0.0,0.0,0.0,0.0,0.0,21.31017774512639,0.0,0.0,0.0
LT,2035,elec,0.0,0.0,0.0,0.0,0.0,0.0,0.0,0.0,0.0,0.0,0.0,0.0,0.0,0.0,0.0,0.0,0.0,29.36907944183107,0.0,0.0,1.0077462267240214,0.0,5.823227659331964,0.0,0.0,0.0,0.0,0.0,0.0,0.0,0.0,0.0,0.0
NO,2035,elec,0.0,0.0,0.0,0.0,0.0,0.0,0.0,0.0,0.0,8.026526784946839,0.0,0.0,0.0,0.0,24.46321010050061,0.0,0.0,0.0,0.0,10.078019467401152,25.70873081260556,0.0,0.0,0.0,0.0,0.0,13.309090420798702,0.0,0.0,0.0,0.0,0.0,0.0
AL,2040,elec,0.0,4.052113706675328,7.84047422655608,0.0,0.0,4.311272097986064,0.0,0.0,0.0,0.0,0.0,2.6107037438001157,0.0,0.0,0.0,0.0,0.0,0.0,0.0,0.0,0.0,0.0,0.0,0.0,0.0,0.0,0.0,0.0,0.0,0.0,0.0,0.0,0.0
GR,2040,elec,7.02559566244282,0.0,0.0,0.0,0.0,0.0,0.0,0.0,0.0,0.0,4.737278316703036,12.60391210286664,0.0,0.0,0.0,31.11253756339995,0.0,0.0,0.0,0.0,0.0,0.0,0.0,0.0,0.0,0.0,0.0,0.0,0.0,0.0,0.0,0.0,0.0
ME,2040,elec,2.3739112471603754,0.0,0.0,10.332616193220947,0.0,2.63685280606619,0.0,0.0,0.0,0.0,0.0,0.0,0.0,0.0,0.0,0.0,0.0,0.0,0.0,0.0,0.0,0.0,0.0,0.0,0.0,0.0,0.0,0.0,0.0,0.0,0.0,0.0,0.0
BA,2040,elec,0.0,0.0,3.868530045055319,0.0,24.467159426064015,3.4627874672354904,0.0,0.0,0.0,0.0,0.0,0.0,0.0,0.0,0.0,0.0,0.0,0.0,0.0,0.0,0.0,0.0,0.0,0.0,0.0,0.0,0.0,0.0,0.0,0.0,0.0,0.0,0.0
HR,2040,elec,0.0,0.0,0.0,6.530688339037518,0.0,2.5550702169753374,0.0,0.0,0.0,0.0,0.0,0.0,0.0,0.0,0.0,0.0,0.0,0.0,0.0,0.0,0.0,0.0,0.0,0.0,0.0,0.0,0.0,0.0,11.17406315055877,0.0,25.834471029971297,0.0,0.0
RS,2040,elec,2.148893665357343,0.0,4.1339499920540135,7.950629906949718,7.642966254914486,0.0,0.0,0.0,0.0,0.0,0.9774871744032567,3.9252757783596857,2.7921059357649085,0.0,0.0,0.0,0.0,0.0,0.0,0.0,0.0,0.0,0.0,0.0,0.0,0.0,0.0,0.0,9.892673461699289,0.0,0.0,0.0,0.0
BE,2040,elec,0.0,0.0,0.0,0.0,0.0,0.0,0.0,12.67196599282509,11.79826821732928,23.9360404320499,0.0,0.0,0.0,0.0,2.4958739521260576,0.0,0.0,0.0,0.0,0.0,0.0,0.0,0.0,0.0,0.0,0.0,8.03382266129313,0.0,0.0,0.0,0.0,0.0,0.0
FR,2040,elec,0.0,0.0,0.0,0.0,0.0,0.0,50.75890898560617,0.0,0.0,0.0,0.0,0.0,0.0,88.6487200131044,62.17753263070658,41.01960593187948,0.0,0.0,0.0,0.0,0.0,0.0,0.0,71.6604555336271,0.0,0.0,56.966054310655025,20.559535445729917,0.0,0.0,0.0,0.0,0.0
LU,2040,elec,0.0,0.0,0.0,0.0,0.0,0.0,2.087788812834834,0.0,0.0,0.0,0.0,0.0,0.0,0.0,6.985865456084774,0.0,0.0,0.0,0.0,0.0,0.0,0.0,0.0,0.0,0.0,0.0,0.0,0.0,0.0,0.0,0.0,0.0,0.0
NL,2040,elec,0.0,0.0,0.0,0.0,0.0,0.0,19.62557982722934,0.0,0.0,0.0,0.0,0.0,0.0,0.0,90.18874776576584,0.0,0.0,0.0,0.0,0.5872664245289136,0.0,0.0,0.0,0.0,0.0,0.0,16.227461264566827,0.0,0.0,0.0,0.0,0.0,3.5895754505041744
BG,2040,elec,0.0,5.487062147520929,0.0,0.0,0.0,5.878627439218615,0.0,0.0,0.0,0.0,0.0,4.219771400333213,10.117581145905275,0.0,0.0,0.0,0.0,0.0,0.0,0.0,0.0,0.0,0.0,0.0,0.0,0.0,0.0,0.0,0.0,0.0,0.0,0.0,0.0
MK,2040,elec,2.879698183129998,9.796473495997287,0.0,0.0,0.0,12.073225073011814,0.0,0.0,0.0,0.0,1.9551006216391837,0.0,0.0,0.0,0.0,0.0,0.0,0.0,0.0,0.0,0.0,0.0,0.0,0.0,0.0,0.0,0.0,0.0,0.0,0.0,0.0,0.0,0.0
RO,2040,elec,0.0,0.0,0.0,0.0,0.0,16.113810859462546,0.0,0.0,0.0,0.0,6.752481147270388,0.0,0.0,0.0,0.0,0.0,0.0,0.0,0.0,0.0,0.0,0.0,0.0,0.0,0.0,0.0,0.0,0.0,24.08985697542351,0.0,0.0,0.0,0.0
CH,2040,elec,0.0,0.0,0.0,0.0,0.0,0.0,0.0,16.618790440230725,0.0,0.0,0.0,0.0,0.0,0.0,76.96515949996831,50.49084599672774,0.0,0.0,0.0,0.0,0.0,0.0,0.0,0.0,0.0,0.0,0.0,0.0,0.0,18.68554172442388,0.0,0.0,0.0
DE,2040,elec,0.0,0.0,0.0,0.0,0.0,0.0,1.3403830618674837,10.084499018075373,3.2956613853314023,18.19535264542494,0.0,0.0,0.0,24.435155312958436,0.0,0.0,18.240760081827624,15.910544542919942,0.0,2.8971857429118417,29.376293645035823,0.0,0.0,0.0,0.0,0.0,0.0,0.0,0.0,29.797088809714964,0.0,0.0,7.085381986698602
IT,2040,elec,0.0,17.8196781000702,0.0,0.0,0.0,0.0,0.0,10.512967621737236,0.0,0.0,0.0,0.0,0.0,23.8699627660528,0.0,0.0,0.0,0.0,0.0,0.0,0.0,0.0,0.0,0.0,0.0,0.0,0.0,0.0,0.0,1.7157511123038671,6.0693617817498815,0.0,0.0
CZ,2040,elec,0.0,0.0,0.0,0.0,0.0,0.0,0.0,0.0,0.0,0.0,0.0,0.0,0.0,0.0,4.011318664266002,0.0,0.0,11.673033200450211,6.3809702507029655,0.0,0.0,0.0,0.0,0.0,0.0,0.0,0.0,0.0,0.0,2.168681538348558,0.0,0.0,0.0
PL,2040,elec,0.0,0.0,0.0,0.0,0.0,0.0,0.0,0.0,0.0,0.0,0.0,0.0,0.0,0.0,11.62007721317935,0.0,18.76358042002543,0.0,12.225782106868689,0.0,5.555370605412263,0.0,0.0,0.0,0.0,0.0,0.0,0.0,0.0,0.0,0.0,7.56839751782043,0.0
SK,2040,elec,0.0,0.0,0.0,0.0,0.0,0.0,0.0,0.0,0.0,0.0,0.0,0.0,0.0,0.0,0.0,0.0,16.853457359307157,11.29739536405254,0.0,0.0,0.0,0.0,0.0,0.0,0.0,0.0,0.0,0.0,9.700117467596382,0.0,0.0,0.0,0.0
DK,2040,elec,0.0,0.0,0.0,0.0,0.0,0.0,0.0,0.0,0.0,0.7868560147941963,0.0,0.0,0.0,0.0,6.633940301328757,0.0,0.0,0.0,0.0,0.0,0.5221786770053913,0.0,0.0,0.0,0.0,0.0,6.397480961874675,0.0,0.0,0.0,0.0,0.0,7.799339838696511
SE,2040,elec,0.0,0.0,0.0,0.0,0.0,0.0,0.0,0.0,0.0,0.0,0.0,0.0,0.0,0.0,120.4146676414247,0.0,0.0,16.486928799800268,0.0,0.703933182947812,0.0,0.0,0.0,0.0,0.0,0.22157313263921796,0.0,0.0,0.0,0.0,0.0,2.771298799757555,25.61005403585164
EE,2040,elec,0.0,0.0,0.0,0.0,0.0,0.0,0.0,0.0,0.0,0.0,0.0,0.0,0.0,0.0,0.0,0.0,0.0,0.0,0.0,0.0,0.0,0.0,38.21394445958548,0.0,0.0,0.5175543476197959,0.0,0.0,0.0,0.0,0.0,0.0,0.0
LV,2040,elec,0.0,0.0,0.0,0.0,0.0,0.0,0.0,0.0,0.0,0.0,0.0,0.0,0.0,0.0,0.0,0.0,0.0,0.0,0.0,0.0,0.0,7.826651522158917,0.0,0.0,0.0,0.0,0.0,0.0,0.0,0.0,0.0,34.057082224475806,0.0
ES,2040,elec,0.0,0.0,0.0,0.0,0.0,0.0,0.0,147.47413416881187,0.0,0.0,0.0,0.0,0.0,0.0,0.0,0.0,0.0,0.0,0.0,0.0,0.0,0.0,0.0,0.0,11.542574573226933,0.0,0.0,0.0,0.0,0.0,0.0,0.0,0.0
PT,2040,elec,0.0,0.0,0.0,0.0,0.0,0.0,0.0,0.0,0.0,0.0,0.0,0.0,0.0,0.0,0.0,0.0,0.0,0.0,0.0,0.0,0.0,0.0,0.0,28.803811172300314,0.0,0.0,0.0,0.0,0.0,0.0,0.0,0.0,0.0
FI,2040,elec,0.0,0.0,0.0,0.0,0.0,0.0,0.0,0.0,0.0,0.0,0.0,0.0,0.0,0.0,0.0,0.0,0.0,0.0,0.0,0.0,0.7277934929780117,1.620158329905401,0.0,0.0,0.0,0.0,0.0,0.0,0.0,0.0,0.0,0.0,0.0
GB,2040,elec,0.0,0.0,0.0,0.0,0.0,0.0,68.50110371147119,78.19506700140275,0.0,68.31851112648971,0.0,0.0,0.0,0.0,0.0,0.0,0.0,0.0,0.0,7.224938057615036,0.0,0.0,0.0,0.0,0.0,0.0,0.0,6.831843909290479,0.0,0.0,0.0,0.0,13.127597171613703
IE,2040,elec,0.0,0.0,0.0,0.0,0.0,0.0,0.0,41.49460568524119,0.0,0.0,0.0,0.0,0.0,0.0,0.0,0.0,0.0,0.0,0.0,0.0,0.0,0.0,0.0,0.0,0.0,0.0,13.992822257003132,0.0,0.0,0.0,0.0,0.0,0.0
HU,2040,elec,0.0,0.0,0.0,0.0,5.4314129930313655,3.357256439770153,0.0,0.0,0.0,0.0,0.0,0.0,5.803330172858399,0.0,0.0,0.0,0.0,0.0,30.543907666687645,0.0,0.0,0.0,0.0,0.0,0.0,0.0,0.0,0.0,0.0,12.229207397742876,0.0,0.0,0.0
AT,2040,elec,0.0,0.0,0.0,0.0,0.0,0.0,0.0,0.0,0.0,0.0,0.0,0.0,0.0,4.140964362743379,31.156467084955395,2.587082339000111,15.48577352025373,0.0,0.0,0.0,0.0,0.0,0.0,0.0,0.0,0.0,0.0,0.0,7.5537377279700575,0.0,14.599459363025286,0.0,0.0
SI,2040,elec,0.0,0.0,0.0,0.0,7.212599232435668,0.0,0.0,0.0,0.0,0.0,0.0,0.0,0.0,0.0,0.0,12.646076740223844,0.0,0.0,0.0,0.0,0.0,0.0,0.0,0.0,0.0,0.0,0.0,0.0,0.0,20.85542135969415,0.0,0.0,0.0
LT,2040,elec,0.0,0.0,0.0,0.0,0.0,0.0,0.0,0.0,0.0,0.0,0.0,0.0,0.0,0.0,0.0,0.0,0.0,31.349582523445726,0.0,0.0,0.9960136885919071,0.0,7.106194584398907,0.0,0.0,0.0,0.0,0.0,0.0,0.0,0.0,0.0,0.0
NO,2040,elec,0.0,0.0,0.0,0.0,0.0,0.0,0.0,0.0,0.0,7.348640259269839,0.0,0.0,0.0,0.0,25.02696781732459,0.0,0.0,0.0,0.0,10.485523825861698,27.56774924344533,0.0,0.0,0.0,0.0,0.0,14.824943101905948,0.0,0.0,0.0,0.0,0.0,0.0
AL,2030,h2,0.0,0.0,0.0,0.0,0.0,0.0,0.0,0.0,0.0,0.0,0.0,0.0,0.0,0.0,0.0,0.0,0.0,0.0,0.0,0.0,0.0,0.0,0.0,0.0,0.0,0.0,0.0,0.0,0.0,0.0,0.0,0.0,0.0
GR,2030,h2,0.0,0.0,0.0,0.0,0.0,0.0,0.0,0.0,0.0,0.0,0.31207424263948114,0.0,0.0,0.0,0.0,0.0,0.0,0.0,0.0,0.0,0.0,0.0,0.0,0.0,0.0,0.0,0.0,0.0,0.0,0.0,0.0,0.0,0.0
IT,2030,h2,0.0,0.0,0.0,0.0,0.0,0.0,0.0,0.0,0.0,0.0,0.0,0.0,0.0,0.0,0.0,0.0,0.0,0.0,0.0,0.0,0.0,0.0,0.0,0.0,0.0,0.0,0.0,0.0,0.0,0.0,0.0,0.0,0.0
ME,2030,h2,0.0,0.0,0.0,0.0,0.0,0.0,0.0,0.0,0.0,0.0,0.0,0.0,0.0,0.0,0.0,0.0,0.0,0.0,0.0,0.0,0.0,0.0,0.0,0.0,0.0,0.0,0.0,0.0,0.0,0.0,0.0,0.0,0.0
MK,2030,h2,0.0,0.0,0.0,0.0,0.0,0.0,0.0,0.0,0.0,0.0,0.0,0.0,0.0,0.0,0.0,0.0,0.0,0.0,0.0,0.0,0.0,0.0,0.0,0.0,0.0,0.0,0.0,0.0,0.0,0.0,0.0,0.0,0.0
RS,2030,h2,0.0,0.0,0.0,0.0,0.0,0.0,0.0,0.0,0.0,0.0,0.0,0.0,0.0,0.0,0.0,0.0,0.0,0.0,0.0,0.0,0.0,0.0,0.0,0.0,0.0,0.0,0.0,0.0,0.0,0.0,0.0,0.0,0.0
AT,2030,h2,0.0,0.0,0.0,0.0,0.0,0.0,0.0,0.0,0.0,0.0,0.0,0.0,0.0,0.0,0.0,3.6096487044956524,0.0,0.0,0.0,0.0,0.0,0.0,0.0,0.0,0.0,0.0,0.0,0.0,0.0,0.0,4.264138115825677,0.0,0.0
CH,2030,h2,0.0,0.0,0.0,0.0,0.0,0.0,0.0,0.0,0.0,0.0,0.0,0.0,0.0,0.0,0.0,0.0,0.0,0.0,0.0,0.0,0.0,0.0,0.0,0.0,0.0,0.0,0.0,0.0,0.0,0.0,0.0,0.0,0.0
CZ,2030,h2,0.0,0.0,0.0,0.0,0.0,0.0,0.0,0.0,0.0,0.0,0.0,0.0,0.0,0.0,0.0,0.0,0.0,0.0,5.067640179806082,0.0,0.0,0.0,0.0,0.0,0.0,0.0,0.0,0.0,0.0,0.0,0.0,0.0,0.0
DE,2030,h2,0.0,0.0,0.0,0.0,0.0,0.0,0.0,0.0,0.0,0.0,0.0,0.0,0.0,0.34410417377073393,0.0,0.0,4.583247299436765,12.822555483083605,0.0,0.0,0.0,0.0,0.0,0.0,0.0,0.0,0.0,0.0,0.0,9.03822998653899,0.0,0.0,0.0
HU,2030,h2,0.0,0.0,0.0,0.0,0.0,4.37264151727241,0.0,0.0,0.0,0.0,0.0,0.0,8.384954188856021,0.0,0.0,0.0,0.0,0.0,0.0,0.0,0.0,0.0,0.0,0.0,0.0,0.0,0.0,0.0,0.0,0.0,0.0,0.0,0.0
SI,2030,h2,0.0,0.0,0.0,0.0,1.240976324515556,0.0,0.0,0.0,0.0,0.0,0.0,0.0,0.0,0.0,0.0,0.0,0.0,0.0,0.0,0.0,0.0,0.0,0.0,0.0,0.0,0.0,0.0,0.0,0.0,0.0,0.0,0.0,0.0
SK,2030,h2,0.0,0.0,0.0,0.0,0.0,0.0,0.0,0.0,0.0,0.0,0.0,0.0,0.0,0.0,0.0,0.0,0.0,0.0,0.0,0.0,0.0,0.0,0.0,0.0,0.0,0.0,0.0,0.0,17.07259118247718,0.0,0.0,0.0,0.0
BA,2030,h2,0.0,0.0,0.0,0.0,0.0,0.0,0.0,0.0,0.0,0.0,0.0,0.0,0.0,0.0,0.0,0.0,0.0,0.0,0.0,0.0,0.0,0.0,0.0,0.0,0.0,0.0,0.0,0.0,0.0,0.0,0.0,0.0,0.0
HR,2030,h2,0.0,0.0,0.0,1.6394367750523484,0.0,0.0,0.0,0.0,0.0,0.0,0.0,0.0,0.0,0.0,0.0,0.0,0.0,0.0,0.0,0.0,0.0,0.0,0.0,0.0,0.0,0.0,0.0,0.0,0.0,0.0,0.0,0.0,0.0
BE,2030,h2,0.0,0.0,0.0,0.0,0.0,0.0,0.0,7.351561519222887,0.0,0.0,0.0,0.0,0.0,0.0,0.0,0.0,0.0,0.0,0.0,0.0,0.0,0.0,0.0,0.0,0.0,0.0,0.0,0.0,0.0,0.0,0.0,0.0,0.0
FR,2030,h2,0.0,0.0,0.0,0.0,0.0,0.0,0.0,0.0,0.0,0.0,0.0,0.0,0.0,0.0,0.0,0.0,0.0,0.0,0.0,0.0,0.0,0.0,0.0,0.0,0.0,0.0,0.0,0.0,0.0,0.0,0.0,0.0,0.0
GB,2030,h2,0.0,0.0,0.0,0.0,0.0,0.0,22.85294704095533,0.0,0.0,88.86623519732223,0.0,0.0,0.0,0.0,0.0,0.0,0.0,0.0,0.0,0.0,0.0,0.0,0.0,0.0,0.0,0.0,0.0,0.0,0.0,0.0,0.0,0.0,8.824504337955716
LU,2030,h2,0.0,0.0,0.0,0.0,0.0,0.0,0.0,0.0,0.0,0.0,0.0,0.0,0.0,0.0,0.0,0.0,0.0,0.0,0.0,0.0,0.0,0.0,0.0,0.0,0.0,0.0,0.0,0.0,0.0,0.0,0.0,0.0,0.0
NL,2030,h2,0.0,0.0,0.0,0.0,0.0,0.0,0.0,0.0,0.0,0.0,0.0,0.0,0.0,0.0,28.66093324058238,0.0,0.0,0.0,0.0,0.0,0.0,0.0,0.0,0.0,0.0,0.0,0.0,0.0,0.0,0.0,0.0,0.0,0.0
NO,2030,h2,0.0,0.0,0.0,0.0,0.0,0.0,0.0,0.0,0.0,0.0,0.0,0.0,0.0,0.0,0.0,0.0,0.0,0.0,0.0,0.0,0.0,0.0,0.0,0.0,0.0,0.0,0.0,0.0,0.0,0.0,0.0,0.0,0.0
BG,2030,h2,0.0,0.0,0.0,0.0,0.0,0.0,0.0,0.0,0.0,0.0,0.0,0.0,0.10071024763167849,0.0,0.0,0.0,0.0,0.0,0.0,0.0,0.0,0.0,0.0,0.0,0.0,0.0,0.0,0.0,0.0,0.0,0.0,0.0,0.0
RO,2030,h2,0.0,0.0,0.0,0.0,0.0,0.0,0.0,0.0,0.0,0.0,0.0,0.0,0.0,0.0,0.0,0.0,0.0,0.0,0.0,0.0,0.0,0.0,0.0,0.0,0.0,0.0,0.0,0.0,0.0,0.0,0.0,0.0,0.0
PL,2030,h2,0.0,0.0,0.0,0.0,0.0,0.0,0.0,0.0,0.0,0.0,0.0,0.0,0.0,0.0,0.0,0.0,0.0,0.0,0.0,0.0,0.0,0.0,0.0,0.0,0.0,0.0,0.0,0.0,0.0,0.0,0.0,5.870127797842266,0.0
DK,2030,h2,0.0,0.0,0.0,0.0,0.0,0.0,0.0,0.0,0.0,0.0,0.0,0.0,0.0,0.0,22.49749213500997,0.0,0.0,0.0,0.0,0.0,2.6925196634200748,0.0,0.0,0.0,0.0,0.0,0.0,0.0,0.0,0.0,0.0,0.0,0.3329229423749026
SE,2030,h2,0.0,0.0,0.0,0.0,0.0,0.0,0.0,0.0,0.0,0.0,0.0,0.0,0.0,0.0,0.0,0.0,0.0,0.0,0.0,0.0,0.0,0.0,0.0,0.0,0.0,1.3930074807575088,0.0,0.0,0.0,0.0,0.0,0.0,0.0
EE,2030,h2,0.0,0.0,0.0,0.0,0.0,0.0,0.0,0.0,0.0,0.0,0.0,0.0,0.0,0.0,0.0,0.0,0.0,0.0,0.0,0.0,0.0,0.0,0.0,0.0,0.0,0.0,0.0,0.0,0.0,0.0,0.0,0.0,0.0
FI,2030,h2,0.0,0.0,0.0,0.0,0.0,0.0,0.0,0.0,0.0,0.0,0.0,0.0,0.0,0.0,0.0,0.0,0.0,0.0,0.0,0.0,0.0,0.0,0.0,0.0,0.0,0.0,0.0,0.0,0.0,0.0,0.0,0.0,0.0
LV,2030,h2,0.0,0.0,0.0,0.0,0.0,0.0,0.0,0.0,0.0,0.0,0.0,0.0,0.0,0.0,0.0,0.0,0.0,0.0,0.0,0.0,0.0,0.0,0.0,0.0,0.0,0.0,0.0,0.0,0.0,0.0,0.0,0.0,0.0
ES,2030,h2,0.0,0.0,0.0,0.0,0.0,0.0,0.0,0.0,0.0,0.0,0.0,0.0,0.0,0.0,0.0,0.0,0.0,0.0,0.0,0.0,0.0,0.0,0.0,0.0,0.0,0.0,0.0,0.0,0.0,0.0,0.0,0.0,0.0
PT,2030,h2,0.0,0.0,0.0,0.0,0.0,0.0,0.0,0.0,0.0,0.0,0.0,0.0,0.0,0.0,0.0,0.0,0.0,0.0,0.0,0.0,0.0,0.0,0.0,0.0,0.0,0.0,0.0,0.0,0.0,0.0,0.0,0.0,0.0
IE,2030,h2,0.0,0.0,0.0,0.0,0.0,0.0,0.0,0.0,0.0,0.0,0.0,0.0,0.0,0.0,0.0,0.0,0.0,0.0,0.0,0.0,0.0,0.0,0.0,0.0,0.0,0.0,5.370520616550223,0.0,0.0,0.0,0.0,0.0,0.0
LT,2030,h2,0.0,0.0,0.0,0.0,0.0,0.0,0.0,0.0,0.0,0.0,0.0,0.0,0.0,0.0,0.0,0.0,0.0,0.0,0.0,0.0,0.0,0.0,0.0,0.0,0.0,0.0,0.0,0.0,0.0,0.0,0.0,0.0,0.0
AL,2035,h2,0.0,0.0,0.0,0.0,0.0,0.0,0.0,0.0,0.0,0.0,0.0,0.0,0.0,0.0,0.0,1.5098048328452136,0.0,0.0,0.0,0.0,0.0,0.0,0.0,0.0,0.0,0.0,0.0,0.0,0.0,0.0,0.0,0.0,0.0
GR,2035,h2,0.0,0.0,0.0,0.0,0.0,0.0,0.0,0.0,0.0,0.0,0.11671530287910405,0.0,0.0,0.0,0.0,0.0,0.0,0.0,0.0,0.0,0.0,0.0,0.0,0.0,0.0,0.0,0.0,0.0,0.0,0.0,0.0,0.0,0.0
IT,2035,h2,0.1873961333540217,0.0,0.0,0.0,0.0,0.0,0.0,0.0,0.0,0.0,0.0,0.0,0.0,0.0,0.0,0.0,0.0,0.0,0.0,0.0,0.0,0.0,0.0,0.0,0.0,0.0,0.0,0.0,0.0,0.20342052350631035,0.0,0.0,0.0
ME,2035,h2,0.0,0.0,0.0,0.6804303605051031,0.0,0.0,0.0,0.0,0.0,0.0,0.0,0.0,0.0,0.0,0.0,0.0,0.0,0.0,0.0,0.0,0.0,0.0,0.0,0.0,0.0,0.0,0.0,0.0,0.0,0.0,0.0,0.0,0.0
MK,2035,h2,0.0,0.0,0.0,0.0,0.0,0.0,0.0,0.0,0.0,0.0,0.0,0.0,0.0,0.0,0.0,0.0,0.0,0.0,0.0,0.0,0.0,0.0,0.0,0.0,0.0,0.0,0.0,0.0,0.0,0.0,0.0,0.0,0.0
RS,2035,h2,0.0,0.0,0.0,0.7788877238154548,0.0,0.0,0.0,0.0,0.0,0.0,0.10044790521813622,0.0,0.0,0.0,0.0,0.0,0.0,0.0,0.0,0.0,0.0,0.0,0.0,0.0,0.0,0.0,0.0,0.0,1.6200646002225165,0.0,0.0,0.0,0.0
AT,2035,h2,0.0,0.0,0.0,0.0,0.0,0.0,0.0,0.0,0.0,0.0,0.0,0.0,0.0,0.0,0.3283882650668485,3.3135518900787537,0.0,0.0,0.0,0.0,0.0,0.0,0.0,0.0,0.0,0.0,0.0,0.0,0.0,0.0,2.8582953116030025,0.0,0.0
CH,2035,h2,0.0,0.0,0.0,0.0,0.0,0.0,0.0,0.0,0.0,0.0,0.0,0.0,0.0,0.0,0.0,24.599084776062877,0.0,0.0,0.0,0.0,0.0,0.0,0.0,0.0,0.0,0.0,0.0,0.0,0.0,0.0,0.0,0.0,0.0
CZ,2035,h2,0.0,0.0,0.0,0.0,0.0,0.0,0.0,0.0,0.0,0.0,0.0,0.0,0.0,0.0,3.0272038104345143,0.0,0.0,0.0,3.105640187304326,0.0,0.0,0.0,0.0,0.0,0.0,0.0,0.0,0.0,0.0,0.0,0.0,0.0,0.0
DE,2035,h2,0.0,0.0,0.0,0.0,0.0,0.0,3.3699775334347946,0.0,0.13573554004368596,0.360842346527209,0.0,0.0,0.0,0.29775000203809365,0.0,0.0,1.3441568748130612,0.0,0.0,0.0,0.0,0.0,0.0,0.0,0.0,0.0,0.0,0.0,0.0,8.464624432308499,0.0,0.0,0.0
HU,2035,h2,0.0,0.0,0.0,0.0,0.7275360409358761,1.6058170576316226,0.0,0.0,0.0,0.0,0.0,0.0,1.7558590344086946,0.0,0.0,0.0,0.0,0.0,7.560072382860384,0.0,0.0,0.0,0.0,0.0,0.0,0.0,0.0,0.0,0.0,0.4601882224120528,0.0,0.0,0.0
SI,2035,h2,0.0,0.0,0.0,0.0,0.4426189735578965,0.0,0.0,0.0,0.0,0.0,0.0,0.0,0.0,0.0,0.0,0.0,0.0,0.0,0.0,0.0,0.0,0.0,0.0,0.0,0.0,0.0,0.0,0.0,0.0,0.0,0.0,0.0,0.0
SK,2035,h2,0.0,0.0,0.0,0.0,0.0,0.0,0.0,0.0,0.0,0.0,0.0,0.0,0.0,0.0,0.0,0.0,1.1616332066394024,0.0,0.0,0.0,0.0,0.0,0.0,0.0,0.0,0.0,0.0,0.0,4.299412133816796,0.0,0.0,0.0,0.0
BA,2035,h2,0.0,0.0,0.3761705382348485,0.0,0.7047185048977884,0.0,0.0,0.0,0.0,0.0,0.0,0.0,0.0,0.0,0.0,0.0,0.0,0.0,0.0,0.0,0.0,0.0,0.0,0.0,0.0,0.0,0.0,0.0,0.0,0.0,0.0,0.0,0.0
HR,2035,h2,0.0,0.0,0.0,0.49414636983909277,0.0,0.0,0.0,0.0,0.0,0.0,0.0,0.0,0.0,0.0,0.0,0.0,0.0,0.0,0.0,0.0,0.0,0.0,0.0,0.0,0.0,0.0,0.0,0.0,0.0,0.0,0.6116358501095187,0.0,0.0
BE,2035,h2,0.0,0.0,0.0,0.0,0.0,0.0,0.0,3.58369765674069,0.398460994954131,2.563172633111361,0.0,0.0,0.0,0.0,5.997678653105825,0.0,0.0,0.0,0.0,0.0,0.0,0.0,0.0,0.0,0.0,0.0,0.0,0.0,0.0,0.0,0.0,0.0,0.0
FR,2035,h2,0.0,0.0,0.0,0.0,0.0,0.0,2.0245772280383556,0.0,0.0,0.0,0.0,0.0,0.0,12.145888077913906,0.0,0.0,0.0,0.0,0.0,0.0,0.0,0.0,0.0,0.6158758762638561,0.0,0.0,0.0,0.0,0.0,0.0,0.0,0.0,0.0
GB,2035,h2,0.0,0.0,0.0,0.0,0.0,0.0,19.248113936920987,0.0,0.0,88.78938404862097,0.0,0.0,0.0,0.0,0.0,0.0,0.0,0.0,0.0,0.0,0.0,0.0,0.0,0.0,0.0,0.0,0.0,17.238439193634896,0.0,0.0,0.0,0.0,2.805354433700802
LU,2035,h2,0.0,0.0,0.0,0.0,0.0,0.0,0.0,0.0,0.0,0.0,0.0,0.0,0.0,0.0,0.0,0.0,0.0,0.0,0.0,0.0,0.0,0.0,0.0,0.0,0.0,0.0,0.0,0.0,0.0,0.0,0.0,0.0,0.0
NL,2035,h2,0.0,0.0,0.0,0.0,0.0,0.0,5.599910438792627,0.0,0.0,0.0,0.0,0.0,0.0,0.0,26.490736482715654,0.0,0.0,0.0,0.0,0.0,0.0,0.0,0.0,0.0,0.0,0.0,0.2867546889378241,0.0,0.0,0.0,0.0,0.0,0.0
NO,2035,h2,0.0,0.0,0.0,0.0,0.0,0.0,0.0,0.0,0.0,0.0,0.0,0.0,0.0,0.0,0.0,0.0,0.0,0.0,0.0,0.8556409055094812,0.6559266287046533,0.0,0.0,0.0,0.0,0.0,4.549757977795474,0.0,0.0,0.0,0.0,0.0,0.0
BG,2035,h2,0.0,0.16917496907290344,0.0,0.0,0.0,0.9472750240410258,0.0,0.0,0.0,0.0,0.0,4.056220582525935,2.3518912403884102,0.0,0.0,0.0,0.0,0.0,0.0,0.0,0.0,0.0,0.0,0.0,0.0,0.0,0.0,0.0,0.0,0.0,0.0,0.0,0.0
RO,2035,h2,0.0,0.0,0.0,0.0,0.0,0.0,0.0,0.0,0.0,0.0,0.4541255464828988,0.0,0.0,0.0,0.0,0.0,0.0,0.0,0.0,0.0,0.0,0.0,0.0,0.0,0.0,0.0,0.0,0.0,3.945084950070142,0.0,0.0,0.0,0.0
PL,2035,h2,0.0,0.0,0.0,0.0,0.0,0.0,0.0,0.0,0.0,0.0,0.0,0.0,0.0,0.0,12.183397322254788,0.0,6.217452271950286,0.0,0.0,0.0,0.0,0.0,0.0,0.0,0.0,0.0,0.0,0.0,0.0,0.0,0.0,0.26248969103261854,0.0
DK,2035,h2,0.0,0.0,0.0,0.0,0.0,0.0,0.0,0.0,0.0,0.0,0.0,0.0,0.0,0.0,23.224365825099248,0.0,0.0,0.0,0.0,0.0,0.8552656184301994,0.0,0.0,0.0,0.0,0.0,0.0,0.0,0.0,0.0,0.0,0.0,3.786698465563564
SE,2035,h2,0.0,0.0,0.0,0.0,0.0,0.0,0.0,0.0,0.0,0.0,0.0,0.0,0.0,0.0,0.0,0.0,0.0,0.0,0.0,0.9697483996662375,0.0,0.0,0.0,0.0,0.0,1.8492709734625916,0.0,0.0,0.0,0.0,0.0,0.0,28.55594539471259
EE,2035,h2,0.0,0.0,0.0,0.0,0.0,0.0,0.0,0.0,0.0,0.0,0.0,0.0,0.0,0.0,0.0,0.0,0.0,0.0,0.0,0.0,0.0,0.0,5.4288440082078155,0.0,0.0,3.4561930017754605,0.0,0.0,0.0,0.0,0.0,0.0,0.0
FI,2035,h2,0.0,0.0,0.0,0.0,0.0,0.0,0.0,0.0,0.0,0.0,0.0,0.0,0.0,0.0,0.0,0.0,0.0,0.0,0.0,0.0,0.4796004426578885,17.247631821299883,0.0,0.0,0.0,0.0,0.0,0.0,0.0,0.0,0.0,0.0,0.0
LV,2035,h2,0.0,0.0,0.0,0.0,0.0,0.0,0.0,0.0,0.0,0.0,0.0,0.0,0.0,0.0,0.0,0.0,0.0,0.0,0.0,0.0,0.0,0.7937733394434898,0.0,0.0,0.0,0.0,0.0,0.0,0.0,0.0,0.0,7.532705628964315,0.0
ES,2035,h2,0.0,0.0,0.0,0.0,0.0,0.0,0.0,6.806165304057698,0.0,0.0,0.0,0.0,0.0,0.0,0.0,0.0,0.0,0.0,0.0,0.0,0.0,0.0,0.0,0.0,0.0,0.0,0.0,0.0,0.0,0.0,0.0,0.0,0.0
PT,2035,h2,0.0,0.0,0.0,0.0,0.0,0.0,0.0,0.0,0.0,0.0,0.0,0.0,0.0,0.0,0.0,0.0,0.0,0.0,0.0,0.0,0.0,0.0,0.0,0.0,0.0,0.0,0.0,0.0,0.0,0.0,0.0,0.0,0.0
IE,2035,h2,0.0,0.0,0.0,0.0,0.0,0.0,0.0,0.0,0.0,0.0,0.0,0.0,0.0,0.0,0.0,0.0,0.0,0.0,0.0,0.0,0.0,0.0,0.0,0.0,0.0,0.0,3.8316318013212194,0.0,0.0,0.0,0.0,0.0,0.0
LT,2035,h2,0.0,0.0,0.0,0.0,0.0,0.0,0.0,0.0,0.0,0.0,0.0,0.0,0.0,0.0,0.0,0.0,0.0,2.5444223098014764,0.0,0.0,0.0,0.0,1.1296834618242761,0.0,0.0,0.0,0.0,0.0,0.0,0.0,0.0,0.0,0.0
AL,2040,h2,0.0,1.7552356089387988,0.39408780552989364,0.0,0.0,0.5960439786253915,0.0,0.0,0.0,0.0,0.0,0.23235044091449136,0.0,0.0,0.0,1.484596950160333,0.0,0.0,0.0,0.0,0.0,0.0,0.0,0.0,0.0,0.0,0.0,0.0,0.0,0.0,0.0,0.0,0.0
GR,2040,h2,4.264019214920743,0.0,0.0,0.0,0.0,0.0,0.0,0.0,0.0,0.0,0.19642494221089307,0.0,0.0,0.0,0.0,0.0,0.0,0.0,0.0,0.0,0.0,0.0,0.0,0.0,0.0,0.0,0.0,0.0,0.0,0.0,0.0,0.0,0.0
IT,2040,h2,0.11974144994532876,0.0,0.0,0.0,0.0,0.0,0.0,0.0,0.0,0.0,0.0,0.0,0.0,10.014625478462184,0.0,0.0,0.0,0.0,0.0,0.0,0.0,0.0,0.0,0.0,0.0,0.0,0.0,0.0,0.0,1.5055645287002002,0.0,0.0,0.0
ME,2040,h2,0.11331835502544724,0.0,0.0,0.3592623230816434,0.0,0.0,0.0,0.0,0.0,0.0,0.0,0.0,0.0,0.0,0.0,0.0,0.0,0.0,0.0,0.0,0.0,0.0,0.0,0.0,0.0,0.0,0.0,0.0,0.0,0.0,0.0,0.0,0.0
MK,2040,h2,0.8319396358393348,0.0,0.0,0.0,0.0,0.0,0.0,0.0,0.0,0.0,0.0,0.0,0.0,0.0,0.0,0.0,0.0,0.0,0.0,0.0,0.0,0.0,0.0,0.0,0.0,0.0,0.0,0.0,0.0,0.0,0.0,0.0,0.0
RS,2040,h2,0.6478556786625322,0.0,0.0,0.7792261112459926,0.0,0.0,0.0,0.0,0.0,0.0,0.19660180451935388,0.0,0.0,0.0,0.0,0.0,0.0,0.0,0.0,0.0,0.0,0.0,0.0,0.0,0.0,0.0,0.0,0.0,1.1328432537744808,0.0,0.0,0.0,0.0
AT,2040,h2,0.0,0.0,0.0,0.0,0.0,0.0,0.0,0.0,0.0,0.0,0.0,0.0,0.0,0.0,5.080635030871347,1.9766028108456961,0.0,0.0,0.0,0.0,0.0,0.0,0.0,0.0,0.0,0.0,0.0,0.0,0.21106895694474143,0.0,1.5475103673595558,0.0,0.0
CH,2040,h2,0.0,0.0,0.0,0.0,0.0,0.0,0.0,3.8083026083276597,0.0,0.0,0.0,0.0,0.0,0.0,0.19292723088403452,7.841309308938694,0.0,0.0,0.0,0.0,0.0,0.0,0.0,0.0,0.0,0.0,0.0,0.0,0.0,0.0,0.0,0.0,0.0
CZ,2040,h2,0.0,0.0,0.0,0.0,0.0,0.0,0.0,0.0,0.0,0.0,0.0,0.0,0.0,0.0,3.9015557882351994,0.0,0.0,2.181991456763365,3.2518310185229033,0.0,0.0,0.0,0.0,0.0,0.0,0.0,0.0,0.0,0.0,0.0,0.0,0.0,0.0
DE,2040,h2,0.0,0.0,0.0,0.0,0.0,0.0,5.13257934126154,0.0,0.1535042391693301,13.304685050285151,0.0,0.0,0.0,0.14027272449358394,0.0,0.0,0.48406391463452464,0.12483399994101799,0.0,0.447936019808891,0.0,0.0,0.0,0.0,0.0,0.0,0.0,0.0,0.0,3.653548653101735,0.0,0.0,0.0
HU,2040,h2,0.0,0.0,0.0,0.0,0.3581127858545136,1.9502089929562243,0.0,0.0,0.0,0.0,0.0,0.0,1.8152873324594745,0.0,0.0,0.0,0.0,0.0,7.631692387630984,0.0,0.0,0.0,0.0,0.0,0.0,0.0,0.0,0.0,0.0,0.2983563985761512,0.0,0.0,0.0
SI,2040,h2,0.0,0.0,0.0,0.0,0.2885919931247567,0.0,0.0,0.0,0.0,0.0,0.0,0.0,0.0,0.0,0.0,0.0,0.0,0.0,0.0,0.0,0.0,0.0,0.0,0.0,0.0,0.0,0.0,0.0,0.0,1.6834150521802411,0.0,0.0,0.0
SK,2040,h2,0.0,0.0,0.0,0.0,0.0,0.0,0.0,0.0,0.0,0.0,0.0,0.0,0.0,0.0,0.0,0.0,1.8002234461564686,0.0,0.0,0.0,0.0,0.0,0.0,0.0,0.0,0.0,0.0,0.0,6.016536704964611,0.0,0.0,0.0,0.0
BA,2040,h2,0.0,0.0,0.6045952193554891,0.0,0.4077421464031258,0.0,0.0,0.0,0.0,0.0,0.0,0.0,0.0,0.0,0.0,0.0,0.0,0.0,0.0,0.0,0.0,0.0,0.0,0.0,0.0,0.0,0.0,0.0,0.0,0.0,0.0,0.0,0.0
HR,2040,h2,0.0,0.0,0.0,0.8231759926218283,0.0,0.0,0.0,0.0,0.0,0.0,0.0,0.0,0.0,0.0,0.0,0.0,0.0,0.0,0.0,0.0,0.0,0.0,0.0,0.0,0.0,0.0,0.0,0.0,0.34432737890158416,0.0,0.806286661488857,0.0,0.0
BE,2040,h2,0.0,0.0,0.0,0.0,0.0,0.0,0.0,3.8176103147549743,0.420032469063115,3.462765616189996,0.0,0.0,0.0,0.0,1.2014310448959138,0.0,0.0,0.0,0.0,0.0,0.0,0.0,0.0,0.0,0.0,0.0,0.6792778820998749,0.0,0.0,0.0,0.0,0.0,0.0
FR,2040,h2,0.0,0.0,0.0,0.0,0.0,0.0,3.31782664473882,0.0,0.0,0.0,0.0,0.0,0.0,6.05028924903592,0.0,0.0,0.0,0.0,0.0,0.0,0.0,0.0,0.0,2.2074095269806153,0.0,0.0,0.0,0.0,0.0,0.0,0.0,0.0,0.0
GB,2040,h2,0.0,0.0,0.0,0.0,0.0,0.0,20.385460802899843,0.0,0.0,87.06218795008327,0.0,0.0,0.0,0.0,0.0,0.0,0.0,0.0,0.0,0.0,0.0,0.0,0.0,0.0,0.0,0.0,0.0,0.18272645395753254,0.0,0.0,0.0,0.0,1.199321133517119
LU,2040,h2,0.0,0.0,0.0,0.0,0.0,0.0,0.0,0.0,0.0,0.0,0.0,0.0,0.0,0.0,0.0,0.0,0.0,0.0,0.0,0.0,0.0,0.0,0.0,0.0,0.0,0.0,0.0,0.0,0.0,0.0,0.0,0.0,0.0
NL,2040,h2,0.0,0.0,0.0,0.0,0.0,0.0,8.489976363168726,0.0,0.0,0.0,0.0,0.0,0.0,0.0,10.299082019390438,0.0,0.0,0.0,0.0,0.0,0.0,0.0,0.0,0.0,0.0,0.0,0.8413072865092689,0.0,0.0,0.0,0.0,0.0,0.0
NO,2040,h2,0.0,0.0,0.0,0.0,0.0,0.0,0.0,0.0,0.0,0.0,0.0,0.0,0.0,0.0,0.0,0.0,0.0,0.0,0.0,0.33099981032193504,0.0,0.0,0.0,0.0,0.0,0.0,6.717629111928654,0.0,0.0,0.0,0.0,0.0,0.0
BG,2040,h2,0.0,0.2970707179970805,0.0,0.0,0.0,0.7202156441602175,0.0,0.0,0.0,0.0,0.0,3.4515002214648685,1.6080172182853536,0.0,0.0,0.0,0.0,0.0,0.0,0.0,0.0,0.0,0.0,0.0,0.0,0.0,0.0,0.0,0.0,0.0,0.0,0.0,0.0
RO,2040,h2,0.0,0.0,0.0,0.0,0.0,0.0,0.0,0.0,0.0,0.0,1.591661409473701,0.0,0.0,0.0,0.0,0.0,0.0,0.0,0.0,0.0,0.0,0.0,0.0,0.0,0.0,0.0,0.0,0.0,5.549977833522267,0.0,0.0,0.0,0.0
PL,2040,h2,0.0,0.0,0.0,0.0,0.0,0.0,0.0,0.0,0.0,0.0,0.0,0.0,0.0,0.0,12.32002552179187,0.0,4.932569182736811,0.0,0.0,0.0,0.0,0.0,0.0,0.0,0.0,0.0,0.0,0.0,0.0,0.0,0.0,3.1882273828968257,0.0
DK,2040,h2,0.0,0.0,0.0,0.0,0.0,0.0,0.0,0.0,0.0,0.0,0.0,0.0,0.0,0.0,23.273731008995316,0.0,0.0,0.0,0.0,0.0,0.8071088991039856,0.0,0.0,0.0,0.0,0.0,0.0,0.0,0.0,0.0,0.0,0.0,0.7367671508535645
SE,2040,h2,0.0,0.0,0.0,0.0,0.0,0.0,0.0,0.0,0.0,0.0,0.0,0.0,0.0,0.0,0.0,0.0,0.0,0.0,0.0,1.5021576222038628,0.0,0.0,0.0,0.0,0.0,1.0142296102790396,0.0,0.0,0.0,0.0,0.0,0.0,31.867663302052005
EE,2040,h2,0.0,0.0,0.0,0.0,0.0,0.0,0.0,0.0,0.0,0.0,0.0,0.0,0.0,0.0,0.0,0.0,0.0,0.0,0.0,0.0,0.0,0.0,6.048112151517914,0.0,0.0,8.030416264884849,0.0,0.0,0.0,0.0,0.0,0.0,0.0
FI,2040,h2,0.0,0.0,0.0,0.0,0.0,0.0,0.0,0.0,0.0,0.0,0.0,0.0,0.0,0.0,0.0,0.0,0.0,0.0,0.0,0.0,0.3629215154068355,14.455624320197288,0.0,0.0,0.0,0.0,0.0,0.0,0.0,0.0,0.0,0.0,0.0
LV,2040,h2,0.0,0.0,0.0,0.0,0.0,0.0,0.0,0.0,0.0,0.0,0.0,0.0,0.0,0.0,0.0,0.0,0.0,0.0,0.0,0.0,0.0,5.829900519633439,0.0,0.0,0.0,0.0,0.0,0.0,0.0,0.0,0.0,7.381500295257423,0.0
ES,2040,h2,0.0,0.0,0.0,0.0,0.0,0.0,0.0,7.834682858096283,0.0,0.0,0.0,0.0,0.0,0.0,0.0,0.0,0.0,0.0,0.0,0.0,0.0,0.0,0.0,0.0,0.0,0.0,0.0,0.0,0.0,0.0,0.0,0.0,0.0
PT,2040,h2,0.0,0.0,0.0,0.0,0.0,0.0,0.0,0.0,0.0,0.0,0.0,0.0,0.0,0.0,0.0,0.0,0.0,0.0,0.0,0.0,0.0,0.0,0.0,6.568353296876525,0.0,0.0,0.0,0.0,0.0,0.0,0.0,0.0,0.0
IE,2040,h2,0.0,0.0,0.0,0.0,0.0,0.0,0.0,0.0,0.0,0.0,0.0,0.0,0.0,0.0,0.0,0.0,0.0,0.0,0.0,0.0,0.0,0.0,0.0,0.0,0.0,0.0,5.283793759274842,0.0,0.0,0.0,0.0,0.0,0.0
LT,2040,h2,0.0,0.0,0.0,0.0,0.0,0.0,0.0,0.0,0.0,0.0,0.0,0.0,0.0,0.0,0.0,0.0,0.0,2.2933813626949906,0.0,0.0,0.0,0.0,4.809189769850505,0.0,0.0,0.0,0.0,0.0,0.0,0.0,0.0,0.0,0.0
AL,2030,gas,0.0,0.0,0.0,0.0,0.0,0.0,0.0,0.0,0.0,0.0,0.0,0.0,0.0,0.0,0.0,57.912606934082376,0.0,0.0,0.0,0.0,0.0,0.0,0.0,0.0,0.0,0.0,0.0,0.0,0.0,0.0,0.0,0.0,0.0
IT,2030,gas,0.0,0.0,0.0,0.0,0.0,0.0,0.0,0.0,0.0,0.0,0.0,0.0,0.0,0.0,0.0,0.0,0.0,0.0,0.0,0.0,0.0,0.0,0.0,6.3225789279957185,0.0,0.0,0.0,0.0,0.0,0.0,0.0,0.0,0.0
AT,2030,gas,0.0,0.0,0.0,0.0,0.0,0.0,0.0,0.0,0.0,0.0,0.0,0.0,0.0,0.0,2.3191069032243314,31.279523556534357,0.0,0.0,3.2794415325765773,0.0,0.0,0.0,0.0,0.0,0.0,0.0,0.0,0.0,15.193346340422972,0.0,10.856163867318482,0.0,0.0
DE,2030,gas,0.0,0.0,0.0,0.0,0.0,0.0,30.88758600048206,174.9559152479399,4.4857213017561,40.2613475297953,0.0,0.0,0.0,8.5529657601491,0.0,0.0,126.05587634187009,87.96535797831825,0.0,0.0,0.0,0.0,0.0,0.0,0.0,0.0,0.0,0.0,0.0,98.22745526907485,0.0,0.0,0.0
HU,2030,gas,0.0,0.0,0.0,0.0,5.320939626222212,2.406507700953119,0.0,0.0,0.0,0.0,0.0,0.0,0.0,0.0,0.0,0.0,0.0,0.0,0.0,0.0,0.0,0.0,0.0,0.0,0.0,0.0,0.0,0.0,0.0,5.954902044669242,0.0,0.0,0.0
SI,2030,gas,0.0,0.0,0.0,0.0,4.519337244725925,0.0,0.0,0.0,0.0,0.0,0.0,0.0,0.0,0.0,0.0,5.5757722237684515,0.0,0.0,0.0,0.0,0.0,0.0,0.0,0.0,0.0,0.0,0.0,0.0,0.0,0.0,0.0,0.0,0.0
SK,2030,gas,0.0,0.0,0.0,0.0,0.0,0.0,0.0,0.0,0.0,0.0,0.0,0.0,0.0,0.0,0.0,0.0,92.90126856552214,0.0,0.0,0.0,0.0,0.0,0.0,0.0,0.0,0.0,0.0,0.0,5.229564544521516,0.0,0.0,0.0,0.0
BA,2030,gas,0.0,0.0,0.0,0.0,0.0,3.7778006603399437,0.0,0.0,0.0,0.0,0.0,0.0,0.0,0.0,0.0,0.0,0.0,0.0,0.0,0.0,0.0,0.0,0.0,0.0,0.0,0.0,0.0,0.0,0.0,0.0,0.0,0.0,0.0
RS,2030,gas,0.0,0.0,0.0,3.777806648254903,0.0,0.0,0.0,0.0,0.0,0.0,0.0,0.0,0.0,0.0,0.0,0.0,0.0,0.0,0.0,0.0,0.0,0.0,0.0,0.0,0.0,0.0,0.0,0.0,0.0,0.0,0.0,0.0,0.0
BE,2030,gas,0.0,0.0,0.0,0.0,0.0,0.0,0.0,16.509561448168256,5.437257686935534,39.24556629497165,0.0,0.0,0.0,0.0,0.0,0.0,0.0,0.0,0.0,0.0,0.0,0.0,0.0,0.0,0.0,0.0,85.74760381588159,0.0,0.0,0.0,0.0,0.0,0.0
FR,2030,gas,0.0,0.0,0.0,0.0,0.0,0.0,0.0,0.0,5.192725245446774,0.0,0.0,0.0,0.0,5.063448107374968,291.14680503355567,0.0,0.0,0.0,0.0,0.0,0.0,0.0,0.0,5.37313839125396,0.0,0.0,0.0,0.0,0.0,0.0,0.0,0.0,0.0
LU,2030,gas,0.0,0.0,0.0,0.0,0.0,0.0,8.538431954899862,6.57723265738318,0.0,0.0,0.0,0.0,0.0,0.0,0.0,0.0,0.0,0.0,0.0,0.0,0.0,0.0,0.0,0.0,0.0,0.0,0.0,0.0,0.0,0.0,0.0,0.0,0.0
NL,2030,gas,0.0,0.0,0.0,0.0,0.0,0.0,41.85012735209577,0.0,0.0,0.0,0.0,0.0,0.0,0.0,43.03017274418286,0.0,0.0,0.0,0.0,0.0,0.0,0.0,0.0,0.0,0.0,0.0,1.9340832527504837,0.0,0.0,0.0,0.0,0.0,5.415118246394469
BG,2030,gas,0.0,20.385900886662746,0.0,0.0,0.0,0.0,0.0,0.0,0.0,0.0,0.0,0.0,4.11066659956009,0.0,0.0,0.0,0.0,0.0,0.0,0.0,0.0,0.0,0.0,0.0,0.0,0.0,0.0,0.0,0.0,0.0,0.0,0.0,0.0
MK,2030,gas,0.0,0.0,0.0,0.0,0.0,0.0,0.0,0.0,0.0,0.0,0.0,0.0,0.0,0.0,0.0,0.0,0.0,0.0,0.0,0.0,0.0,0.0,0.0,0.0,0.0,0.0,0.0,0.0,0.0,0.0,0.0,0.0,0.0
RO,2030,gas,0.0,0.0,0.0,0.0,0.0,0.0,0.0,0.0,0.0,0.0,2.4422344438337853,0.0,0.0,0.0,0.0,0.0,0.0,0.0,0.0,0.0,0.0,0.0,0.0,0.0,0.0,0.0,0.0,0.0,0.48051264875471766,0.0,0.0,0.0,0.0
GR,2030,gas,34.67822883427252,0.0,0.0,0.0,0.0,0.0,0.0,0.0,0.0,0.0,7.304935706837277,0.0,0.0,0.0,0.0,0.0,0.0,0.0,0.0,0.0,0.0,0.0,0.0,0.0,0.0,0.0,0.0,0.0,0.0,0.0,0.0,0.0,0.0
CH,2030,gas,0.0,0.0,0.0,0.0,0.0,0.0,0.0,7.254357532052882,0.0,0.0,0.0,0.0,0.0,0.0,0.9656568969396372,41.38770883332861,0.0,0.0,0.0,0.0,0.0,0.0,0.0,0.0,0.0,0.0,0.0,0.0,0.0,5.310342240557668,0.0,0.0,0.0
CZ,2030,gas,0.0,0.0,0.0,0.0,0.0,0.0,0.0,0.0,0.0,0.0,0.0,0.0,0.0,0.0,3.2452209842682898,0.0,0.0,14.842155619999335,1.6829086432177254,0.0,0.0,0.0,0.0,0.0,0.0,0.0,0.0,0.0,0.0,0.0,0.0,0.0,0.0
PL,2030,gas,0.0,0.0,0.0,0.0,0.0,0.0,0.0,0.0,0.0,0.0,0.0,0.0,0.0,0.0,106.18754560628824,0.0,20.417057315606478,0.0,0.0,0.0,0.0,0.0,0.0,0.0,0.0,0.0,0.0,0.0,0.0,0.0,0.0,0.0,0.0
DK,2030,gas,0.0,0.0,0.0,0.0,0.0,0.0,0.0,0.0,0.0,0.0,0.0,0.0,0.0,0.0,0.0,0.0,0.0,0.0,0.0,0.0,8.285211495394028,0.0,0.0,0.0,0.0,0.0,0.0,0.0,0.0,0.0,0.0,0.0,13.188322797594413
NO,2030,gas,0.0,0.0,0.0,0.0,0.0,0.0,55.77704893745485,65.72790629839167,0.0,0.0,0.0,0.0,0.0,0.0,118.24215762798879,0.0,0.0,0.0,0.0,0.0,0.0,0.0,0.0,0.0,0.0,0.0,157.60284652404934,0.0,0.0,0.0,0.0,0.0,0.0
SE,2030,gas,0.0,0.0,0.0,0.0,0.0,0.0,0.0,0.0,0.0,0.0,0.0,0.0,0.0,0.0,0.0,0.0,0.0,0.0,0.0,0.0,0.0,0.0,0.0,0.0,0.0,0.0,0.0,0.0,0.0,0.0,0.0,0.0,0.0
EE,2030,gas,0.0,0.0,0.0,0.0,0.0,0.0,0.0,0.0,0.0,0.0,0.0,0.0,0.0,0.0,0.0,0.0,0.0,0.0,0.0,0.0,0.0,0.0,9.06627511873007,0.0,0.0,0.0,0.0,0.0,0.0,0.0,0.0,0.0,0.0
LV,2030,gas,0.0,0.0,0.0,0.0,0.0,0.0,0.0,0.0,0.0,0.0,0.0,0.0,0.0,0.0,0.0,0.0,0.0,0.0,0.0,0.0,0.0,0.0,0.0,0.0,0.0,0.0,0.0,0.0,0.0,0.0,0.0,2.3089721576714326,0.0
ES,2030,gas,0.0,0.0,0.0,0.0,0.0,0.0,0.0,6.35880344527445,0.0,0.0,0.0,0.0,0.0,0.0,0.0,0.0,0.0,0.0,0.0,0.0,0.0,0.0,0.0,0.0,6.732594403097703,0.0,0.0,0.0,0.0,0.0,0.0,0.0,0.0
GB,2030,gas,0.0,0.0,0.0,0.0,0.0,0.0,0.0,0.0,0.0,4.761804419676212,0.0,0.0,0.0,0.0,0.0,0.0,0.0,0.0,0.0,0.0,0.0,0.0,0.0,0.0,0.0,0.0,0.0,11.789191611028603,0.0,0.0,0.0,0.0,153.79285711575773
IE,2030,gas,0.0,0.0,0.0,0.0,0.0,0.0,0.0,0.0,0.0,0.0,0.0,0.0,0.0,0.0,0.0,0.0,0.0,0.0,0.0,0.0,0.0,0.0,0.0,0.0,0.0,0.0,11.847909590923908,0.0,0.0,0.0,0.0,0.0,0.0
HR,2030,gas,0.0,0.0,0.0,0.0,0.0,0.0,0.0,0.0,0.0,0.0,0.0,0.0,0.0,0.0,0.0,0.0,0.0,0.0,0.0,0.0,0.0,0.0,0.0,0.0,0.0,0.0,0.0,0.0,3.3676750504575894,0.0,4.451760520264485,0.0,0.0
LT,2030,gas,0.0,0.0,0.0,0.0,0.0,0.0,0.0,0.0,0.0,0.0,0.0,0.0,0.0,0.0,0.0,0.0,0.0,0.0,0.0,0.0,0.0,0.0,4.709740738596284,0.0,0.0,0.0,0.0,0.0,0.0,0.0,0.0,0.0,0.0
PT,2030,gas,0.0,0.0,0.0,0.0,0.0,0.0,0.0,0.0,0.0,0.0,0.0,0.0,0.0,0.0,0.0,0.0,0.0,0.0,0.0,0.0,0.0,0.0,0.0,0.0,0.0,0.0,0.0,0.0,0.0,0.0,0.0,0.0,0.0
ME,2030,gas,0.0,0.0,0.0,0.0,0.0,0.0,0.0,0.0,0.0,0.0,0.0,0.0,0.0,0.0,0.0,0.0,0.0,0.0,0.0,0.0,0.0,0.0,0.0,0.0,0.0,0.0,0.0,0.0,0.0,0.0,0.0,0.0,0.0
FI,2030,gas,0.0,0.0,0.0,0.0,0.0,0.0,0.0,0.0,0.0,0.0,0.0,0.0,0.0,0.0,0.0,0.0,0.0,0.0,0.0,0.0,0.0,0.0,0.0,0.0,0.0,0.0,0.0,0.0,0.0,0.0,0.0,0.0,0.0
AL,2035,gas,0.0,0.0,0.0,0.0,0.0,0.0,0.0,0.0,0.0,0.0,0.0,0.0,0.0,0.0,0.0,0.0,0.0,0.0,0.0,0.0,0.0,0.0,0.0,0.0,0.0,0.0,0.0,0.0,0.0,0.0,0.0,0.0,0.0
IT,2035,gas,0.0,0.0,0.0,0.0,0.0,0.0,0.0,0.0,0.0,0.0,0.0,0.0,0.0,0.0,0.0,0.0,0.0,0.0,0.0,0.0,0.0,0.0,0.0,0.0,0.0,0.0,0.0,0.0,0.0,50.933721296082396,0.0,0.0,0.0
AT,2035,gas,0.0,0.0,0.0,0.0,0.0,0.0,0.0,0.0,0.0,0.0,0.0,0.0,0.0,0.0,37.91833704012707,30.53611699437355,0.0,0.0,9.324083124476083,0.0,0.0,0.0,0.0,0.0,0.0,0.0,0.0,0.0,5.803605684121943,0.0,7.312583712054337,0.0,0.0
DE,2035,gas,0.0,0.0,0.0,0.0,0.0,0.0,22.455894449807133,205.88594715511158,4.323813793185749,109.71593820144953,0.0,0.0,0.0,8.60698526935175,0.0,0.0,139.9101396011747,119.29838833051886,0.0,11.348947413238788,0.0,0.0,0.0,0.0,0.0,0.0,0.0,0.0,0.0,2.2855786255192574,0.0,0.0,0.0
HU,2035,gas,0.0,0.0,0.0,0.0,5.1248271021438505,0.0,0.0,0.0,0.0,0.0,0.0,0.0,0.0,0.0,0.0,0.0,0.0,0.0,0.0,0.0,0.0,0.0,0.0,0.0,0.0,0.0,0.0,0.0,0.0,7.165587058737874,0.0,0.0,0.0
SI,2035,gas,0.0,0.0,0.0,0.0,4.829360260700301,0.0,0.0,0.0,0.0,0.0,0.0,0.0,0.0,0.0,0.0,9.935151386246106,0.0,0.0,0.0,0.0,0.0,0.0,0.0,0.0,0.0,0.0,0.0,0.0,0.0,0.0,0.0,0.0,0.0
SK,2035,gas,0.0,0.0,0.0,0.0,0.0,0.0,0.0,0.0,0.0,0.0,0.0,0.0,0.0,0.0,0.0,0.0,13.712860265743657,0.0,0.0,0.0,0.0,0.0,0.0,0.0,0.0,0.0,0.0,0.0,3.9852078175289942,0.0,0.0,0.0,0.0
BA,2035,gas,0.0,0.0,0.0,0.0,0.0,3.0560132463534964,0.0,0.0,0.0,0.0,0.0,0.0,0.0,0.0,0.0,0.0,0.0,0.0,0.0,0.0,0.0,0.0,0.0,0.0,0.0,0.0,0.0,0.0,0.0,0.0,0.0,0.0,0.0
RS,2035,gas,0.0,0.0,0.0,3.0562026372607685,0.0,0.0,0.0,0.0,0.0,0.0,0.0,0.0,0.0,0.0,0.0,0.0,0.0,0.0,0.0,0.0,0.0,0.0,0.0,0.0,0.0,0.0,0.0,0.0,0.0,0.0,0.0,0.0,0.0
BE,2035,gas,0.0,0.0,0.0,0.0,0.0,0.0,0.0,10.51629011685838,5.096028970898878,26.580201623393172,0.0,0.0,0.0,0.0,0.0,0.0,0.0,0.0,0.0,0.0,0.0,0.0,0.0,0.0,0.0,0.0,78.6722274905826,0.0,0.0,0.0,0.0,0.0,0.0
FR,2035,gas,0.0,0.0,0.0,0.0,0.0,0.0,20.56025948467415,0.0,5.227772283175749,0.0,0.0,0.0,0.0,3.6724569414132473,234.44686882944063,0.0,0.0,0.0,0.0,0.0,0.0,0.0,0.0,0.841115545202636,0.0,0.0,0.0,0.0,0.0,0.0,0.0,0.0,0.0
LU,2035,gas,0.0,0.0,0.0,0.0,0.0,0.0,8.172013353661885,6.475601693069453,0.0,0.0,0.0,0.0,0.0,0.0,0.0,0.0,0.0,0.0,0.0,0.0,0.0,0.0,0.0,0.0,0.0,0.0,0.0,0.0,0.0,0.0,0.0,0.0,0.0
NL,2035,gas,0.0,0.0,0.0,0.0,0.0,0.0,32.44948102307274,0.0,0.0,0.0,0.0,0.0,0.0,0.0,50.606424462594845,0.0,0.0,0.0,0.0,0.0,0.0,0.0,0.0,0.0,0.0,0.0,25.817806731038033,0.0,0.0,0.0,0.0,0.0,5.398694966262683
BG,2035,gas,0.0,6.388085434028288,0.0,0.0,0.0,0.0,0.0,0.0,0.0,0.0,0.0,0.0,0.5506904716834072,0.0,0.0,0.0,0.0,0.0,0.0,0.0,0.0,0.0,0.0,0.0,0.0,0.0,0.0,0.0,0.0,0.0,0.0,0.0,0.0
MK,2035,gas,0.0,0.0,0.0,0.0,0.0,0.0,0.0,0.0,0.0,0.0,0.0,0.0,0.0,0.0,0.0,0.0,0.0,0.0,0.0,0.0,0.0,0.0,0.0,0.0,0.0,0.0,0.0,0.0,0.0,0.0,0.0,0.0,0.0
RO,2035,gas,0.0,0.0,0.0,0.0,0.0,0.0,0.0,0.0,0.0,0.0,0.5511598483319056,0.0,0.0,0.0,0.0,0.0,0.0,0.0,0.0,0.0,0.0,0.0,0.0,0.0,0.0,0.0,0.0,0.0,0.0,0.0,0.0,0.0,0.0
GR,2035,gas,0.0,0.0,0.0,0.0,0.0,0.0,0.0,0.0,0.0,0.0,6.387706111762517,0.0,0.0,0.0,0.0,0.0,0.0,0.0,0.0,0.0,0.0,0.0,0.0,0.0,0.0,0.0,0.0,0.0,0.0,0.0,0.0,0.0,0.0
CH,2035,gas,0.0,0.0,0.0,0.0,0.0,0.0,0.0,8.763709042286305,0.0,0.0,0.0,0.0,0.0,0.0,1.499422352260575,10.4618846780492,0.0,0.0,0.0,0.0,0.0,0.0,0.0,0.0,0.0,0.0,0.0,0.0,0.0,5.563699552347121,0.0,0.0,0.0
CZ,2035,gas,0.0,0.0,0.0,0.0,0.0,0.0,0.0,0.0,0.0,0.0,0.0,0.0,0.0,0.0,7.237167802637552,0.0,0.0,9.378049617786989,2.8600029953918225,0.0,0.0,0.0,0.0,0.0,0.0,0.0,0.0,0.0,0.0,0.0,0.0,0.0,0.0
PL,2035,gas,0.0,0.0,0.0,0.0,0.0,0.0,0.0,0.0,0.0,0.0,0.0,0.0,0.0,0.0,119.76735254758066,0.0,14.473024080798579,0.0,0.0,0.0,0.0,0.0,0.0,0.0,0.0,0.0,0.0,0.0,0.0,0.0,0.0,0.0,0.0
DK,2035,gas,0.0,0.0,0.0,0.0,0.0,0.0,0.0,0.0,0.0,0.0,0.0,0.0,0.0,0.0,4.922778654337804,0.0,0.0,0.0,0.0,0.0,0.0,0.0,0.0,0.0,0.0,0.0,0.0,0.0,0.0,0.0,0.0,0.0,6.426168759266178
NO,2035,gas,0.0,0.0,0.0,0.0,0.0,0.0,36.226742949799316,36.45361450874965,0.0,0.0,0.0,0.0,0.0,0.0,40.18213370219858,0.0,0.0,0.0,0.0,0.0,0.0,0.0,0.0,0.0,0.0,0.0,118.1030433292255,0.0,0.0,0.0,0.0,0.0,0.0
SE,2035,gas,0.0,0.0,0.0,0.0,0.0,0.0,0.0,0.0,0.0,0.0,0.0,0.0,0.0,0.0,0.0,0.0,0.0,0.0,0.0,0.0,0.0,0.0,0.0,0.0,0.0,0.0,0.0,0.0,0.0,0.0,0.0,0.0,0.0
EE,2035,gas,0.0,0.0,0.0,0.0,0.0,0.0,0.0,0.0,0.0,0.0,0.0,0.0,0.0,0.0,0.0,0.0,0.0,0.0,0.0,0.0,0.0,0.0,0.0,0.0,0.0,0.0,0.0,0.0,0.0,0.0,0.0,0.0,0.0
LV,2035,gas,0.0,0.0,0.0,0.0,0.0,0.0,0.0,0.0,0.0,0.0,0.0,0.0,0.0,0.0,0.0,0.0,0.0,0.0,0.0,0.0,0.0,0.0,0.0,0.0,0.0,0.0,0.0,0.0,0.0,0.0,0.0,0.0,0.0
ES,2035,gas,0.0,0.0,0.0,0.0,0.0,0.0,0.0,6.726888159810664,0.0,0.0,0.0,0.0,0.0,0.0,0.0,0.0,0.0,0.0,0.0,0.0,0.0,0.0,0.0,0.0,0.0,0.0,0.0,0.0,0.0,0.0,0.0,0.0,0.0
GB,2035,gas,0.0,0.0,0.0,0.0,0.0,0.0,0.0,0.0,0.0,6.401449395728365,0.0,0.0,0.0,0.0,0.0,0.0,0.0,0.0,0.0,0.0,0.0,0.0,0.0,0.0,0.0,0.0,0.0,0.0,0.0,0.0,0.0,0.0,219.14067076381454
IE,2035,gas,0.0,0.0,0.0,0.0,0.0,0.0,0.0,0.0,0.0,0.0,0.0,0.0,0.0,0.0,0.0,0.0,0.0,0.0,0.0,0.0,0.0,0.0,0.0,0.0,0.0,0.0,0.0,0.0,0.0,0.0,0.0,0.0,0.0
HR,2035,gas,0.0,0.0,0.0,0.0,0.0,0.0,0.0,0.0,0.0,0.0,0.0,0.0,0.0,0.0,0.0,0.0,0.0,0.0,0.0,0.0,0.0,0.0,0.0,0.0,0.0,0.0,0.0,0.0,2.5022594280373704,0.0,1.216083432402111,0.0,0.0
LT,2035,gas,0.0,0.0,0.0,0.0,0.0,0.0,0.0,0.0,0.0,0.0,0.0,0.0,0.0,0.0,0.0,0.0,0.0,0.0,0.0,0.0,0.0,0.0,0.0,0.0,0.0,0.0,0.0,0.0,0.0,0.0,0.0,0.0,0.0
PT,2035,gas,0.0,0.0,0.0,0.0,0.0,0.0,0.0,0.0,0.0,0.0,0.0,0.0,0.0,0.0,0.0,0.0,0.0,0.0,0.0,0.0,0.0,0.0,0.0,0.0,0.0,0.0,0.0,0.0,0.0,0.0,0.0,0.0,0.0
ME,2035,gas,0.0,0.0,0.0,0.0,0.0,0.0,0.0,0.0,0.0,0.0,0.0,0.0,0.0,0.0,0.0,0.0,0.0,0.0,0.0,0.0,0.0,0.0,0.0,0.0,0.0,0.0,0.0,0.0,0.0,0.0,0.0,0.0,0.0
FI,2035,gas,0.0,0.0,0.0,0.0,0.0,0.0,0.0,0.0,0.0,0.0,0.0,0.0,0.0,0.0,0.0,0.0,0.0,0.0,0.0,0.0,0.0,0.0,0.0,0.0,0.0,0.0,0.0,0.0,0.0,0.0,0.0,0.0,0.0
AL,2040,gas,0.0,0.0,0.0,0.0,0.0,0.0,0.0,0.0,0.0,0.0,0.0,0.0,0.0,0.0,0.0,0.0,0.0,0.0,0.0,0.0,0.0,0.0,0.0,0.0,0.0,0.0,0.0,0.0,0.0,0.0,0.0,0.0,0.0
IT,2040,gas,0.0,0.0,0.0,0.0,0.0,0.0,0.0,0.0,0.0,0.0,0.0,0.0,0.0,0.0,0.0,0.0,0.0,0.0,0.0,0.0,0.0,0.0,0.0,0.0,0.0,0.0,0.0,0.0,0.0,67.09841153705199,0.0,0.0,0.0
AT,2040,gas,0.0,0.0,0.0,0.0,0.0,0.0,0.0,0.0,0.0,0.0,0.0,0.0,0.0,0.0,50.68835949662821,43.150445210561,0.0,0.0,10.609296393163593,0.0,0.0,0.0,0.0,0.0,0.0,0.0,0.0,0.0,5.808372123831188,0.0,9.068688680543007,0.0,0.0
DE,2040,gas,0.0,0.0,0.0,0.0,0.0,0.0,32.8957292479318,233.24072795454776,5.034316572118324,134.01771948610173,0.0,0.0,0.0,9.079058687015312,0.0,0.0,156.93702762034934,130.68148881008926,0.0,0.0,0.0,0.0,0.0,0.0,0.0,0.0,0.0,0.0,0.0,3.7361312506846636,0.0,0.0,0.0
HU,2040,gas,0.0,0.0,0.0,0.0,6.308686028388796,0.0,0.0,0.0,0.0,0.0,0.0,0.0,0.0,0.0,0.0,0.0,0.0,0.0,0.0,0.0,0.0,0.0,0.0,0.0,0.0,0.0,0.0,0.0,0.0,4.993222800931351,0.0,0.0,0.0
SI,2040,gas,0.0,0.0,0.0,0.0,4.9378342863264795,0.0,0.0,0.0,0.0,0.0,0.0,0.0,0.0,0.0,0.0,9.883838003423065,0.0,0.0,0.0,0.0,0.0,0.0,0.0,0.0,0.0,0.0,0.0,0.0,0.0,0.0,0.0,0.0,0.0
SK,2040,gas,0.0,0.0,0.0,0.0,0.0,0.0,0.0,0.0,0.0,0.0,0.0,0.0,0.0,0.0,0.0,0.0,20.481121938213345,0.0,0.0,0.0,0.0,0.0,0.0,0.0,0.0,0.0,0.0,0.0,0.0,0.0,0.0,0.0,0.0
BA,2040,gas,0.0,0.0,0.0,0.0,0.0,4.21387313225197,0.0,0.0,0.0,0.0,0.0,0.0,0.0,0.0,0.0,0.0,0.0,0.0,0.0,0.0,0.0,0.0,0.0,0.0,0.0,0.0,0.0,0.0,0.0,0.0,0.0,0.0,0.0
RS,2040,gas,0.0,0.0,0.0,4.213873132254025,0.0,0.0,0.0,0.0,0.0,0.0,0.0,0.0,0.0,0.0,0.0,0.0,0.0,0.0,0.0,0.0,0.0,0.0,0.0,0.0,0.0,0.0,0.0,0.0,0.0,0.0,0.0,0.0,0.0
BE,2040,gas,0.0,0.0,0.0,0.0,0.0,0.0,0.0,16.289064951945363,5.894276633302127,34.508624968564625,0.0,0.0,0.0,0.0,0.0,0.0,0.0,0.0,0.0,0.0,0.0,0.0,0.0,0.0,0.0,0.0,131.78931295445062,0.0,0.0,0.0,0.0,0.0,0.0
FR,2040,gas,0.0,0.0,0.0,0.0,0.0,0.0,50.372948903503634,0.0,5.885185783978893,0.0,0.0,0.0,0.0,5.898063947177784,250.94650645407884,0.0,0.0,0.0,0.0,0.0,0.0,0.0,0.0,0.21489554288295143,0.0,0.0,0.0,0.0,0.0,0.0,0.0,0.0,0.0
LU,2040,gas,0.0,0.0,0.0,0.0,0.0,0.0,9.406660684341922,7.4071183050629585,0.0,0.0,0.0,0.0,0.0,0.0,0.0,0.0,0.0,0.0,0.0,0.0,0.0,0.0,0.0,0.0,0.0,0.0,0.0,0.0,0.0,0.0,0.0,0.0,0.0
NL,2040,gas,0.0,0.0,0.0,0.0,0.0,0.0,43.638832560862625,0.0,0.0,0.0,0.0,0.0,0.0,0.0,55.109665866742375,0.0,0.0,0.0,0.0,0.0,0.0,0.0,0.0,0.0,0.0,0.0,24.04239969934397,0.0,0.0,0.0,0.0,0.0,6.309476842808452
BG,2040,gas,0.0,0.0,0.0,0.0,0.0,0.0,0.0,0.0,0.0,0.0,0.0,0.0,0.0,0.0,0.0,0.0,0.0,0.0,0.0,0.0,0.0,0.0,0.0,0.0,0.0,0.0,0.0,0.0,0.0,0.0,0.0,0.0,0.0
MK,2040,gas,0.0,0.0,0.0,0.0,0.0,0.0,0.0,0.0,0.0,0.0,0.0,0.0,0.0,0.0,0.0,0.0,0.0,0.0,0.0,0.0,0.0,0.0,0.0,0.0,0.0,0.0,0.0,0.0,0.0,0.0,0.0,0.0,0.0
RO,2040,gas,0.0,0.0,0.0,0.0,0.0,0.0,0.0,0.0,0.0,0.0,0.0,0.0,0.0,0.0,0.0,0.0,0.0,0.0,0.0,0.0,0.0,0.0,0.0,0.0,0.0,0.0,0.0,0.0,0.0,0.0,0.0,0.0,0.0
GR,2040,gas,0.0,0.0,0.0,0.0,0.0,0.0,0.0,0.0,0.0,0.0,0.0,0.0,0.0,0.0,0.0,0.0,0.0,0.0,0.0,0.0,0.0,0.0,0.0,0.0,0.0,0.0,0.0,0.0,0.0,0.0,0.0,0.0,0.0
CH,2040,gas,0.0,0.0,0.0,0.0,0.0,0.0,0.0,21.965010664415573,0.0,0.0,0.0,0.0,0.0,0.0,1.7283908895003617,14.064128323057338,0.0,0.0,0.0,0.0,0.0,0.0,0.0,0.0,0.0,0.0,0.0,0.0,0.0,6.244651032931664,0.0,0.0,0.0
CZ,2040,gas,0.0,0.0,0.0,0.0,0.0,0.0,0.0,0.0,0.0,0.0,0.0,0.0,0.0,0.0,9.015934041239598,0.0,0.0,4.145417361918513,3.635264386722534,0.0,0.0,0.0,0.0,0.0,0.0,0.0,0.0,0.0,0.0,0.0,0.0,0.0,0.0
PL,2040,gas,0.0,0.0,0.0,0.0,0.0,0.0,0.0,0.0,0.0,0.0,0.0,0.0,0.0,0.0,136.47547826151867,0.0,4.658649901223146,0.0,0.0,0.0,0.0,0.0,0.0,0.0,0.0,0.0,0.0,0.0,0.0,0.0,0.0,0.0,0.0
DK,2040,gas,0.0,0.0,0.0,0.0,0.0,0.0,0.0,0.0,0.0,0.0,0.0,0.0,0.0,0.0,0.0,0.0,0.0,0.0,0.0,0.0,0.0,0.0,0.0,0.0,0.0,0.0,0.0,0.0,0.0,0.0,0.0,0.0,0.0
NO,2040,gas,0.0,0.0,0.0,0.0,0.0,0.0,50.530108122185595,47.87847416168612,0.0,0.0,0.0,0.0,0.0,0.0,58.6126547035304,0.0,0.0,0.0,0.0,0.0,0.0,0.0,0.0,0.0,0.0,0.0,109.68251322958201,0.0,0.0,0.0,0.0,0.0,0.0
SE,2040,gas,0.0,0.0,0.0,0.0,0.0,0.0,0.0,0.0,0.0,0.0,0.0,0.0,0.0,0.0,0.0,0.0,0.0,0.0,0.0,0.0,0.0,0.0,0.0,0.0,0.0,0.0,0.0,0.0,0.0,0.0,0.0,0.0,0.0
EE,2040,gas,0.0,0.0,0.0,0.0,0.0,0.0,0.0,0.0,0.0,0.0,0.0,0.0,0.0,0.0,0.0,0.0,0.0,0.0,0.0,0.0,0.0,0.0,0.0,0.0,0.0,0.0,0.0,0.0,0.0,0.0,0.0,0.0,0.0
LV,2040,gas,0.0,0.0,0.0,0.0,0.0,0.0,0.0,0.0,0.0,0.0,0.0,0.0,0.0,0.0,0.0,0.0,0.0,0.0,0.0,0.0,0.0,0.0,0.0,0.0,0.0,0.0,0.0,0.0,0.0,0.0,0.0,4.256440655067257,0.0
ES,2040,gas,0.0,0.0,0.0,0.0,0.0,0.0,0.0,9.263750492199046,0.0,0.0,0.0,0.0,0.0,0.0,0.0,0.0,0.0,0.0,0.0,0.0,0.0,0.0,0.0,0.0,0.0,0.0,0.0,0.0,0.0,0.0,0.0,0.0,0.0
GB,2040,gas,0.0,0.0,0.0,0.0,0.0,0.0,0.0,0.0,0.0,11.349928412576391,0.0,0.0,0.0,0.0,0.0,0.0,0.0,0.0,0.0,0.0,0.0,0.0,0.0,0.0,0.0,0.0,0.0,8.610433632104993,0.0,0.0,0.0,0.0,260.394273374156
IE,2040,gas,0.0,0.0,0.0,0.0,0.0,0.0,0.0,0.0,0.0,0.0,0.0,0.0,0.0,0.0,0.0,0.0,0.0,0.0,0.0,0.0,0.0,0.0,0.0,0.0,0.0,0.0,8.610433632108677,0.0,0.0,0.0,0.0,0.0,0.0
HR,2040,gas,0.0,0.0,0.0,0.0,0.0,0.0,0.0,0.0,0.0,0.0,0.0,0.0,0.0,0.0,0.0,0.0,0.0,0.0,0.0,0.0,0.0,0.0,0.0,0.0,0.0,0.0,0.0,0.0,5.49353670549873,0.0,5.86715986149845,0.0,0.0
LT,2040,gas,0.0,0.0,0.0,0.0,0.0,0.0,0.0,0.0,0.0,0.0,0.0,0.0,0.0,0.0,0.0,0.0,0.0,0.0,0.0,0.0,0.0,0.0,0.7861939468865508,0.0,0.0,0.0,0.0,0.0,0.0,0.0,0.0,0.0,0.0
PT,2040,gas,0.0,0.0,0.0,0.0,0.0,0.0,0.0,0.0,0.0,0.0,0.0,0.0,0.0,0.0,0.0,0.0,0.0,0.0,0.0,0.0,0.0,0.0,0.0,0.0,0.0,0.0,0.0,0.0,0.0,0.0,0.0,0.0,0.0
ME,2040,gas,0.0,0.0,0.0,0.0,0.0,0.0,0.0,0.0,0.0,0.0,0.0,0.0,0.0,0.0,0.0,0.0,0.0,0.0,0.0,0.0,0.0,0.0,0.0,0.0,0.0,0.0,0.0,0.0,0.0,0.0,0.0,0.0,0.0
FI,2040,gas,0.0,0.0,0.0,0.0,0.0,0.0,0.0,0.0,0.0,0.0,0.0,0.0,0.0,0.0,0.0,0.0,0.0,0.0,0.0,0.0,0.0,0.0,0.0,0.0,0.0,0.0,0.0,0.0,0.0,0.0,0.0,0.0,0.0
