node,carrier,2030,2035,2040,hist,units
,AC,332.870497428905,477.57539765444733,494.28501519054396,270.8473665726142,GW_e
,DC,92.39899087804832,188.16275305904716,206.63459037648323,20.491,GW_e
,co2,418554.77982487704,0.0,0.0,0.0,GW_e
,coal/lignite_extraction,1.3857922903361792e-11,5.086484448688941e-11,8.843626016847004e-19,0.0,GW_lhv
,oil_extraction,2.5754754650354767e-12,2.5360681943618067e-11,4.503163147158085e-19,0.0,GW_lhv
,uranium_extraction,141.72409254302488,106.85440098404852,4.533758877815289e-19,0.0,GW_lhv
AL,H2 Electrolysis,0.00011659138085593348,0.7939018116249366,2.2252066217552486,0.0,GW_e
AL,H2 Fuel Cell,4.901261437121357e-07,8.536941064845778e-07,9.656084234107273e-15,0.0,GW_e
AL,H2 Store,1.8984654610052694e-05,1.2879145074734012e-05,2.5051246236305674e-13,0.0,"GWh_lhv,h2"
AL,Haber-Bosch,0.0077875671647692985,0.2243469252478013,0.34750308144801767,0.0,"GW_lhv,nh3"
AL,OCGT,1.6920550478822758e-06,0.0,0.0,0.0,GW_e
AL,Sabatier,8.194956134624945e-07,4.1927770072611095e-07,5.464803479753937e-15,0.0,"GW_lhv,h2"
AL,ammonia cracker,6.72614849306968e-07,4.3293587851480374e-07,5.853604125170305e-15,0.0,"GW_lhv,nh3"
AL,ammonia store,3.795329084895472,188.72312247335964,315.90136947704696,0.0,GW_e
AL,battery,0.9201864086412928,12.040024451551266,12.040024451556416,0.0,GWh_e
AL,battery charger,0.30053029990637087,1.7977411244289174,2.0480497497895813,0.0,GW_e
AL,battery discharger,0.300530299906454,1.797741124429415,2.048049749790148,0.0,GW_e
AL,biomass,3924554.3676627786,14014961.62160374,19451384.317014903,0.0,GW_e
AL,co2 stored,0.002448765272913218,0.0015972675818860349,2.3876380515899097e-11,0.0,GW_e
AL,electricity distribution grid,0.8297022196225737,0.8297184760088908,0.8297022196226148,0.0,GW_e
AL,gas_extraction,5.772284,5.772284,5.772284,5.772284,GW_lhv
AL,gas_stores,4113627.1802822803,14319462.932705415,19610594.82723329,0.0,GW_e
AL,helmeth,2.208094428674856e-07,1.3326757868100925e-07,1.5451056622708426e-15,0.0,GW_e
AL,home battery,0.7462715282600518,0.7870998189894541,0.7870998189966969,0.0,GWh_e
AL,home battery charger,0.13302282596338474,0.1338888850289485,0.13302282596394233,0.0,GW_e
AL,home battery discharger,0.1357658532305971,0.13664977106299017,0.1357658532311662,0.0,GW_e
AL,hydro,1.4937,1.4937,1.4937,1.4937,GW_e
AL,offwind,7.288106743807424e-07,5.341083466685826e-07,9.111504953027275e-15,0.0,GW_e
AL,onwind,0.1500000145580206,0.1500006254017386,0.15000001455802575,0.0,GW_e
AL,ror,0.0482,0.0482,0.0482,0.0482,GW_e
AL,solar,2.367853138149531,8.673480962478632,8.673481203073878,0.02,GW_e
AT,CCGT,4.1373,0.0,0.0,4.1373,GW_e
AT,H2 Electrolysis,5.2068942646077085e-06,4.589629734145925e-06,2.757185466729184e-13,0.0,GW_e
AT,H2 Fuel Cell,6.205274158755885e-07,1.1341332055140607e-05,8.013223118847466e-14,0.0,GW_e
AT,H2 Store,1.794512211305521e-05,1.1851312294309533e-05,1.9913142103480757e-13,0.0,"GWh_lhv,h2"
AT,Haber-Bosch,0.2849093122849815,0.30162055356878636,0.2934568478751815,0.0,"GW_lhv,nh3"
AT,OCGT,5.0437926752486504e-06,0.0,0.0,0.0,GW_e
AT,PHS,5.0443,5.0443,5.0443,5.0443,GW_e
AT,Sabatier,8.194918228770268e-07,4.1927811738105273e-07,5.4647901310143286e-15,0.0,"GW_lhv,h2"
AT,ammonia cracker,6.731518677458569e-07,4.2655235620679604e-07,5.660346412289931e-15,0.0,"GW_lhv,nh3"
AT,ammonia store,119.3881042407512,259.85286876238746,259.8528687649949,0.0,GW_e
AT,battery,0.0002267889748552559,3.9681607376071377,13.118804709463541,0.0,GWh_e
AT,battery charger,7.295658456625373e-05,0.6749967422272202,2.231553998154532,0.0,GW_e
AT,battery discharger,7.295658456627392e-05,0.6749967422274069,2.231553998155149,0.0,GW_e
AT,biomass,3924554.5766780255,14014961.630430078,19451384.262574043,0.0,GW_e
AT,co2 stored,0.0024501698704586694,0.001597327201873918,2.387667749476998e-11,0.0,GW_e
AT,electricity distribution grid,13.25770369383205,13.834904201681626,13.834904201681653,0.0,GW_e
AT,gas_stores,4120981.2793206195,14264768.661521794,19614175.427765187,0.0,GW_e
AT,helmeth,2.2081111563131906e-07,1.332672180370595e-07,1.5450429313508121e-15,0.0,GW_e
AT,home battery,3.8287095103499564,5.413277412620655,6.254223846626124,0.0,GWh_e
AT,home battery charger,1.250451219372028,1.767968875505117,2.042620954853109,0.0,GW_e
AT,home battery discharger,1.276236431543062,1.8044256775462053,2.0847412822116906,0.0,GW_e
AT,hydro,3.4266199999999998,3.4266199999999998,3.4266199999999998,3.4266199999999998,GW_e
AT,onwind,9.000000145437642,8.949998007278982,8.174776483877364,3.73581,GW_e
AT,ror,4.7975,4.7975,4.7975,4.7975,GW_e
AT,solar,12.17302913016559,29.384045440695832,38.01447028946109,3.54242,GW_e
BA,H2 Electrolysis,1.8225915192834435e-05,0.07629111700777538,0.1343366191123106,0.0,GW_e
BA,H2 Fuel Cell,5.496514783478512e-07,1.2729946700571729e-06,1.586763472815456e-14,0.0,GW_e
BA,H2 Store,1.7970936544259316e-05,1.232976555247434e-05,2.7805808859657147e-13,0.0,"GWh_lhv,h2"
BA,Haber-Bosch,0.12348302770315142,0.14491641593558252,0.1814136143665769,0.0,"GW_lhv,nh3"
BA,OCGT,2.457704925851448e-06,0.0,0.0,0.0,GW_e
BA,PHS,0.44,0.44,0.44,0.44,GW_e
BA,Sabatier,8.194983156983923e-07,4.192783786242894e-07,5.464825430666768e-15,0.0,"GW_lhv,h2"
BA,ammonia cracker,6.710423404980016e-07,4.4075119993243217e-07,5.899110346164923e-15,0.0,"GW_lhv,nh3"
BA,ammonia store,21.183266595240912,115.69619162232208,169.09264142931895,0.0,GW_e
BA,battery,1.0387891544713512,10.778048766829507,22.50842216148888,0.0,GWh_e
BA,battery charger,0.33926694266785123,1.2737548424029255,2.7910281267494823,0.0,GW_e
BA,battery discharger,0.33926694266794516,1.2737548424032785,2.791028126750255,0.0,GW_e
BA,biomass,3924554.614833288,14014961.736923559,19451384.457068883,0.0,GW_e
BA,co2 stored,0.0024487652491232605,0.0015972887647142477,2.387647597502019e-11,0.0,GW_e
BA,electricity distribution grid,1.8061430417585265,1.806152109439012,1.8061430417586657,0.0,GW_e
BA,gas_stores,4113652.216536879,14319226.97428296,19610783.298026275,0.0,GW_e
BA,helmeth,2.2079969258426677e-07,1.3326721608193965e-07,1.545128107419906e-15,0.0,GW_e
BA,home battery,1.1581263822154884,2.3501456686329694,3.0738928475907823,0.0,GWh_e
BA,home battery charger,0.2663742808473999,0.47700786883137036,0.583742114069549,0.0,GW_e
BA,home battery discharger,0.27186711194880514,0.48684411747067874,0.5957793003518017,0.0,GW_e
BA,hydro,1.6955,1.6955,1.6955,1.6955,GW_e
BA,onwind,0.6997000060895927,0.6997007025595195,0.699700006089597,0.1347,GW_e
BA,solar,3.932345460157543,9.222874515023973,14.69807091144674,0.0993,GW_e
BE,CCGT,5.847896947849125,0.0,0.0,5.847896947849125,GW_e
BE,H2 Electrolysis,5.497451524986852e-06,8.719807091785116e-05,1.0403323195003016,0.0,GW_e
BE,H2 Fuel Cell,6.26588911689465e-07,3.5845688559438758,3.5845688559439584,0.0,GW_e
BE,H2 Store,1.7985933951487197e-05,1.1782052999466649e-05,1.978616821634616e-13,0.0,"GWh_lhv,h2"
BE,Haber-Bosch,0.6276682947500724,7.984471334083629,11.438128117148496,0.0,"GW_lhv,nh3"
BE,OCGT,5.860658244416834e-06,0.0,0.0,0.0,GW_e
BE,PHS,1.308,1.308,1.308,1.308,GW_e
BE,Sabatier,8.194919738105093e-07,4.1927849757183415e-07,5.464818322476182e-15,0.0,"GW_lhv,h2"
BE,ammonia cracker,6.734753071788798e-07,4.293877473961206e-07,5.80003610847735e-15,0.0,"GW_lhv,nh3"
BE,ammonia store,308.98266997025763,6013.842299334994,8058.716148917744,0.0,GW_e
BE,battery,0.002062246003256937,0.7625696808609252,2.7937335533266214,0.0,GWh_e
BE,battery charger,0.0006726554518935739,0.0864773782604547,0.4752237279817742,0.0,GW_e
BE,battery discharger,0.0006726554518937601,0.08647737826047865,0.4752237279819057,0.0,GW_e
BE,biomass,3924557.277793825,14014961.71151414,19451384.299830265,0.0,GW_e
BE,co2 stored,0.002448765044266274,0.0015972228352839055,2.3876517373729544e-11,0.0,GW_e
BE,electricity distribution grid,16.67809897158019,17.401362534675354,17.401362534675375,0.0,GW_e
BE,gas_extraction,39.56305094635572,39.56305094635572,39.56305094635572,39.56305094635572,GW_lhv
BE,gas_stores,4132198.2875188407,14265223.310242562,19614886.12493709,0.0,GW_e
BE,helmeth,2.2079877387679243e-07,1.3326703801729133e-07,1.5451521613388276e-15,0.0,GW_e
BE,home battery,1.177674724459825,2.952995318382355,3.584591849961692,0.0,GWh_e
BE,home battery charger,0.38462691323147075,0.9644436033712329,1.1707227958050352,0.0,GW_e
BE,home battery discharger,0.39255819948295995,0.984331130813057,1.1948639499865306,0.0,GW_e
BE,hydro,0.012782802547770691,0.012782802547770691,0.012782802547770691,0.012782802547770691,GW_e
BE,offwind,4.270001661042714,5.567126085183629,5.56712663838929,2.2618,GW_e
BE,onwind,3.459600065941682,4.320641044188063,4.198241363686459,2.9896,GW_e
BE,ror,0.07987619657813644,0.07987619657813644,0.07987619657813644,0.07987619657813644,GW_e
BE,solar,6.896508545090479,18.130050762841257,29.363630939520984,6.8964,GW_e
BG,CCGT,0.083,0.0,0.0,0.083,GW_e
BG,H2 Electrolysis,0.09509183273919912,5.849385745941756,8.443414171771156,0.0,GW_e
BG,H2 Fuel Cell,4.792868504870053e-07,7.169328943156582e-07,8.231032110596214e-15,0.0,GW_e
BG,H2 Store,1.930567084120244e-05,1.6146993408536212e-05,3.9724594080677585e-13,0.0,"GWh_lhv,h2"
BG,Haber-Bosch,0.009770368542018928,0.05457813187877675,0.123958207675174,0.0,"GW_lhv,nh3"
BG,OCGT,1.6449775863366729e-06,0.0,0.0,0.0,GW_e
BG,PHS,0.864,0.864,0.864,0.864,GW_e
BG,Sabatier,8.194983648438442e-07,4.192782488732264e-07,5.46481465887242e-15,0.0,"GW_lhv,h2"
BG,ammonia cracker,6.732464547224674e-07,4.355855572006406e-07,5.94236055721517e-15,0.0,"GW_lhv,nh3"
BG,ammonia store,4.7572338135084475,58.12899354560112,144.4424866047321,0.0,GW_e
BG,battery,0.33604874242743205,60.70329897607533,60.70329897608943,0.0,GWh_e
BG,battery charger,0.10975293166314917,7.943328270636702,8.306122368355775,0.0,GW_e
BG,battery discharger,0.10975293166317955,7.943328270638901,8.306122368358073,0.0,GW_e
BG,biomass,3924553.707957172,14014961.764362952,19451384.29873715,0.0,GW_e
BG,co2 stored,0.002448765224940746,0.0015971972962484319,2.3876335114627917e-11,0.0,GW_e
BG,electricity distribution grid,4.235864431627533,4.235865324069524,4.2358644316275536,0.0,GW_e
BG,gas_extraction,2708.7161272141534,2708.7161272141534,2708.7161272141534,2708.7161272141534,GW_lhv
BG,gas_stores,4123505.733186088,14284624.63981481,19615925.638151415,0.0,GW_e
BG,helmeth,2.208239937014472e-07,1.332702356809956e-07,1.5451166831679214e-15,0.0,GW_e
BG,home battery,3.8248726549817924,3.8248829484541353,4.6581778984185425,0.0,GWh_e
BG,home battery charger,0.7923721515444174,0.7923794684085971,0.7923721515445162,0.0,GW_e
BG,home battery discharger,0.8087114406981774,0.8087189084414096,0.8087114406982783,0.0,GW_e
BG,hydro,2.0395399999999997,2.0395399999999997,2.0395399999999997,2.0395399999999997,GW_e
BG,nuclear,2.08,2.08,0.0,2.08,GW_e
BG,offwind,1.7307256022547396e-06,5.8135484995359975e-06,5.223274057008726e-14,0.0,GW_e
BG,onwind,0.8266200143768813,2.446091003606752,7.199957973873164,0.691,GW_e
BG,ror,0.0224,0.0224,0.0224,0.0224,GW_e
BG,solar,9.312900090774944,37.66006339822691,41.58030065069049,1.9590099999999997,GW_e
CH,CCGT,0.055,0.0,0.0,0.055,GW_e
CH,H2 Electrolysis,5.698176078838739e-06,5.3534129451861e-05,2.346735925698718e-12,0.0,GW_e
CH,H2 Fuel Cell,5.393933100518527e-07,4.004852983495786e-06,2.9144943847378995e-14,0.0,GW_e
CH,H2 Store,1.8025366375442386e-05,1.1793121199667407e-05,2.105519725660992e-13,0.0,"GWh_lhv,h2"
CH,Haber-Bosch,0.060053747831590704,0.16169464045437998,0.22433890125076755,0.0,"GW_lhv,nh3"
CH,OCGT,2.1108719258221036e-06,0.0,0.0,0.0,GW_e
CH,PHS,4.98075,4.98075,4.98075,4.98075,GW_e
CH,Sabatier,8.194905982286008e-07,4.1927873555627835e-07,5.4648504656647624e-15,0.0,"GW_lhv,h2"
CH,ammonia cracker,6.723876141070229e-07,4.292859265410925e-07,5.703505725945923e-15,0.0,"GW_lhv,nh3"
CH,ammonia store,25.154020753014056,150.0232817865241,180.82014991703858,0.0,GW_e
CH,battery,0.5925594354436619,1.1378391442568736,9.076999021676539,0.0,GWh_e
CH,battery charger,0.19352906881665735,0.1935449636696328,1.5440288888090996,0.0,GW_e
CH,battery discharger,0.19352906881671092,0.19354496366968638,1.5440288888095268,0.0,GW_e
CH,biomass,4092541.638211019,14167502.053270495,19636143.999732606,0.0,GW_e
CH,co2 stored,0.0024487654749005463,0.001597196929691469,2.3876111464005097e-11,0.0,GW_e
CH,electricity distribution grid,7.18010531277768,7.180109899410079,7.180105312777692,0.0,GW_e
CH,gas_stores,4121874.742074387,14251945.829172513,19613082.992346954,0.0,GW_e
CH,helmeth,2.207978962306183e-07,1.3326913303807273e-07,1.5452143632704019e-15,0.0,GW_e
CH,home battery,2.5630889602039812,4.196119262932598,4.196119262933213,0.0,GWh_e
CH,home battery charger,0.8371013492325092,1.327502653547135,1.3275026535471897,0.0,GW_e
CH,home battery discharger,0.8543629869231493,1.3548767222425244,1.3548767222425804,0.0,GW_e
CH,hydro,9.18198,9.18198,9.18198,9.18198,GW_e
CH,nuclear,2.97,2.97,0.0,2.97,GW_e
CH,onwind,0.23800001335879029,0.23799814351011345,0.23799733495112202,0.07500000000000001,GW_e
CH,ror,4.604799999999999,4.604799999999999,4.604799999999999,4.604799999999999,GW_e
CH,solar,12.108122576477271,27.791625456747745,35.55981944104299,4.33992,GW_e
CH,urban central solid biomass CHP,0.07647520000000001,0.07647520000000001,0.0471991,0.07647520000000001,GW_e
CO,CO2 pipeline,9.130607765253437e-05,4.3770744065060036e-05,5.503162160633822e-13,0.0,GW_e
CZ,CCGT,0.6372887899580633,0.0,0.0,0.6372887899580633,GW_e
CZ,H2 Electrolysis,5.086584621059082e-06,4.804604408146671e-06,9.355920226825691e-14,0.0,GW_e
CZ,H2 Fuel Cell,6.76534200481182e-07,2.334261961738585,6.21557555378601,0.0,GW_e
CZ,H2 Store,1.7935796177304275e-05,1.1824946327244096e-05,1.9944214654454045e-13,0.0,"GWh_lhv,h2"
CZ,Haber-Bosch,0.07684691152263705,0.08366208840488847,0.09004953123560058,0.0,"GW_lhv,nh3"
CZ,OCGT,1.474294754060732,0.0,0.0,0.0,GW_e
CZ,PHS,1.155,1.155,1.155,1.155,GW_e
CZ,Sabatier,8.194914175175077e-07,4.192781622165781e-07,5.4648137088498675e-15,0.0,"GW_lhv,h2"
CZ,ammonia cracker,6.724551721702815e-07,4.336521677452095e-07,5.762985624455662e-15,0.0,"GW_lhv,nh3"
CZ,ammonia store,35.18241189707257,69.0804634171264,77.46031970784551,0.0,GW_e
CZ,battery,0.001093526016555519,4.556816919638729,13.5471539759372,0.0,GWh_e
CZ,battery charger,0.00018670675642105307,0.7441252732667827,1.848220689368156,0.0,GW_e
CZ,battery discharger,0.00018670675642110476,0.7441252732669885,1.8482206893686675,0.0,GW_e
CZ,biomass,4092541.1092607123,14167503.785195304,19451384.26655974,0.0,GW_e
CZ,co2 stored,0.0024487653934903665,0.001597196887614926,2.3876402572291783e-11,0.0,GW_e
CZ,electricity distribution grid,10.590765636938777,11.299404276786568,11.735196994462498,0.0,GW_e
CZ,gas_stores,4121574.1735794484,14258466.763716968,19614000.40769631,0.0,GW_e
CZ,helmeth,2.208100581816492e-07,1.332727652258255e-07,1.5451675670153584e-15,0.0,GW_e
CZ,home battery,0.1590587120599227,3.5203360532170755,5.644550641218396,0.0,GWh_e
CZ,home battery charger,0.05194825939558192,0.9637084824539781,1.6042550182756883,0.0,GW_e
CZ,home battery discharger,0.05301947022706375,0.9835808511686731,1.6373359216982613,0.0,GW_e
CZ,hydro,0.6849839022845103,0.6849839022845103,0.6849839022845103,0.6849839022845103,GW_e
CZ,nuclear,4.29,4.29,0.0,4.29,GW_e
CZ,onwind,0.9600111157077954,0.9600124744281151,2.304439966379077,0.33942000000000005,GW_e
CZ,ror,0.040226382271496,0.040226382271496,0.040226382271496,0.040226382271496,GW_e
CZ,solar,4.439688916072793,14.805521684699611,25.171362749799457,2.6335,GW_e
CZ,urban central solid biomass CHP,1.4815930000000002,1.4815930000000002,0.0,1.4815930000000002,GW_e
DE,CCGT,26.9387338761107,0.0,0.0,26.9387338761107,GW_e
DE,H2 Electrolysis,5.48308059112226e-06,4.1619655124038936e-05,8.343079318067469,0.0,GW_e
DE,H2 Fuel Cell,6.907662616393321e-07,34.436800183939894,34.43680018394004,0.0,GW_e
DE,H2 Store,0.0021279053425592776,12592.9668491396,13876.056666604194,0.0,"GWh_lhv,h2"
DE,Haber-Bosch,1.6859044277370896,2.8036831489848413,3.2913657943757126,0.0,"GW_lhv,nh3"
DE,OCGT,24.23433017010381,0.0,0.0,0.047150000000000004,GW_e
DE,PHS,7.659620000000001,7.659620000000001,7.659620000000001,7.659620000000001,GW_e
DE,Sabatier,8.194933948215685e-07,4.192777687255329e-07,5.464790696327573e-15,0.0,"GW_lhv,h2"
DE,ammonia cracker,6.698631728131155e-07,4.274415465299534e-07,5.781063601734614e-15,0.0,"GW_lhv,nh3"
DE,ammonia store,930.1366776715845,2315.012046896177,2859.3363293949296,0.0,GW_e
DE,battery,3.185351189022317,3.1866636509170907,13.849790210884894,0.0,GWh_e
DE,battery charger,0.5418398464284369,0.541887358890469,2.3558971570327087,0.0,GW_e
DE,battery discharger,0.5418398464285868,0.541887358890619,2.355897157033361,0.0,GW_e
DE,biomass,4092545.558829346,14167516.797291854,19636149.407393582,0.0,GW_e
DE,co2 stored,0.0024487652006628976,0.0015971962868758514,2.3876112718238148e-11,0.0,GW_e
DE,electricity distribution grid,127.69390914127895,139.3836634331309,142.30527226139716,0.0,GW_e
DE,gas_extraction,749.2341707213882,749.2341707213882,749.2341707213882,749.2341707213882,GW_lhv
DE,gas_stores,4119296.8514133585,14240797.289553273,19619076.64849152,0.0,GW_e
DE,helmeth,2.208106547193389e-07,1.3326862138309694e-07,1.5450482975445807e-15,0.0,GW_e
DE,home battery,6.136411181234493,22.320736329041704,37.858207413294195,0.0,GWh_e
DE,home battery charger,2.0041435049983445,7.289921951326323,12.364438765197738,0.0,GW_e
DE,home battery discharger,2.0454703994001378,7.440245435611959,12.619402471096228,0.0,GW_e
DE,hydro,0.1695,0.1695,0.1695,0.1695,GW_e
DE,nuclear,1.4019999999999997,0.0,0.0,1.4019999999999997,GW_e
DE,offwind,30.000000631875288,30.000000631875288,30.000000631875288,8.129,GW_e
DE,onwind,95.26500100438307,89.16994954426063,77.30247563991287,58.165000000000006,GW_e
DE,ror,2.8367033499999996,2.8367033499999996,2.8367033499999996,2.8367033499999996,GW_e
DE,solar,89.25271346707625,175.10017871441298,255.21192073197452,66.66200000000002,GW_e
DE,urban central solid biomass CHP,6.321451966000001,5.531079066000001,2.14697578,6.321451966000001,GW_e
DK,CCGT,1.6951999999999998,0.0,0.0,1.6951999999999998,GW_e
DK,H2 Electrolysis,6.531407700612335,20.627112294973173,27.660253309834726,0.0,GW_e
DK,H2 Fuel Cell,1.319181003565663e-06,4.498400415579939,4.498400415580034,0.0,GW_e
DK,H2 Store,50.201573922147055,2963.541101964846,3986.9203090450883,0.0,"GWh_lhv,h2"
DK,Haber-Bosch,3.672631551423114e-06,0.4682788916220292,0.659525207628057,0.0,"GW_lhv,nh3"
DK,OCGT,4.1111893342138735e-05,0.0,0.0,0.0,GW_e
DK,Sabatier,1.6389823005655184e-06,8.385545810955083e-07,1.0929516801482813e-14,0.0,"GW_lhv,h2"
DK,ammonia cracker,1.6184233460293734e-06,8.336481777605721e-07,1.1298207579178424e-14,0.0,"GW_lhv,nh3"
DK,ammonia store,0.005369799770031239,383.36962329952337,473.1067828095576,0.0,GW_e
DK,battery,3.009467203300873,12.059310721939363,12.059310721943126,0.0,GWh_e
DK,battery charger,0.9249525397090707,1.000643760585434,1.0256645027937066,0.0,GW_e
DK,battery discharger,0.9249525397093268,1.0006437605857108,1.0256645027939906,0.0,GW_e
DK,biomass,7849114.4320850335,28029923.34379834,38902768.719730526,0.0,GW_e
DK,co2 stored,0.004897530135909421,0.0031946242432987037,4.775314508992924e-11,0.0,GW_e
DK,electricity distribution grid,8.300044256296902,8.989559989992406,9.031144678189321,0.0,GW_e
DK,gas_extraction,538.3847340361827,538.3847340361827,538.3847340361827,538.3847340361827,GW_lhv
DK,gas_stores,8246568.130703287,28452318.86385039,39226030.93153363,0.0,GW_e
DK,helmeth,4.4158037472042433e-07,2.665324078414816e-07,3.090377313718295e-15,0.0,GW_e
DK,home battery,2.052400031823826,2.5390525435567763,2.972034886772526,0.0,GWh_e
DK,home battery charger,0.665488541561112,0.7983956347958374,0.9068215785782354,0.0,GW_e
DK,home battery discharger,0.6792113985392217,0.8148591325482539,0.9255208980260219,0.0,GW_e
DK,offwind,4.807250104218218,26.075161714597858,33.209682677519915,2.31285,GW_e
DK,onwind,18.37853108737219,16.735054613899567,16.555338768264566,4.805849999999999,GW_e
DK,solar,4.491083129928411,9.70558502826189,13.659588101586179,3.1150400000000005,GW_e
EE,H2 Electrolysis,1.4072094748508974e-05,4.609693525874243,6.634123767463954,0.0,GW_e
EE,H2 Fuel Cell,6.679131626875223e-07,4.17239249722692e-06,3.1964829408547067e-14,0.0,GW_e
EE,H2 Store,1.8200350210729006e-05,1.6429836198241514e-05,2.6449385259846477e-13,0.0,"GWh_lhv,h2"
EE,Haber-Bosch,1.820379767088315e-06,0.7263937745650578,0.7263937745651545,0.0,"GW_lhv,nh3"
EE,OCGT,0.3860053069355087,0.0,0.0,0.0,GW_e
EE,Sabatier,8.194951195752738e-07,4.1929439256891745e-07,5.464964330977577e-15,0.0,"GW_lhv,h2"
EE,ammonia cracker,7.907496375282657e-07,4.44189815791035e-07,5.867197646522665e-15,0.0,"GW_lhv,nh3"
EE,ammonia store,0.0026833936331311843,181.30342411183057,335.5207395391613,0.0,GW_e
EE,battery,0.18932771208404697,22.21026485878507,22.210264858788257,0.0,GWh_e
EE,battery charger,0.06183391214708868,1.8890207745846608,1.8890207745850816,0.0,GW_e
EE,battery discharger,0.0618339121471058,1.8890207745851835,1.8890207745856045,0.0,GW_e
EE,biomass,3924553.7388076023,14014961.723740872,19451384.31006968,0.0,GW_e
EE,co2 stored,0.0024487648719427146,0.0015973043268212952,2.3876526626579918e-11,0.0,GW_e
EE,electricity distribution grid,1.3029513743173333,1.355282009046058,1.416615177267307,0.0,GW_e
EE,gas_extraction,12.83696696818084,12.83696696818084,12.83696696818084,12.83696696818084,GW_lhv
EE,gas_stores,4108305.082660974,14358742.97253934,19610407.044059645,0.0,GW_e
EE,helmeth,2.2078789491378268e-07,1.3328329079614523e-07,1.5453352532886306e-15,0.0,GW_e
EE,home battery,0.6199409823245935,0.7206323240236127,0.8520068324838391,0.0,GWh_e
EE,home battery charger,0.15596516214413517,0.20507847371401033,0.23489608088021044,0.0,GW_e
EE,home battery discharger,0.15918127704320006,0.2093073407617654,0.2397398086400844,0.0,GW_e
EE,offwind,0.20000006553419503,0.20000212898201994,0.20000006553423186,0.0,GW_e
EE,onwind,3.4236846245621515,20.328372659296278,20.328376349850473,0.3368,GW_e
EE,solar,1.6884753578352147,2.848676747696589,4.008871904650291,0.52827,GW_e
ES,CCGT,28.216826252211867,0.0,0.0,28.216826252211867,GW_e
ES,H2 Electrolysis,1.3236333034881993,40.73563662385557,56.207484583241545,0.0,GW_e
ES,H2 Fuel Cell,7.041995759159373e-07,1.0589455999567206e-06,1.221489940588507e-14,0.0,GW_e
ES,H2 Store,2.850576809779039,2127.518941780189,2397.977742099453,0.0,"GWh_lhv,h2"
ES,Haber-Bosch,0.19715309988571053,7.40659975958155,11.060942607068027,0.0,"GW_lhv,nh3"
ES,OCGT,1.4524686555634541e-06,0.0,0.0,0.0,GW_e
ES,PHS,8.45858,8.45858,8.45858,8.45858,GW_e
ES,Sabatier,1.638987576869267e-06,8.385571968638182e-07,1.092961041401611e-14,0.0,"GW_lhv,h2"
ES,ammonia cracker,1.483213057914867e-06,9.834687016415964e-07,1.3444323518458463e-14,0.0,"GW_lhv,nh3"
ES,ammonia store,104.71700245786815,6073.803642828828,7615.489841174141,0.0,GW_e
ES,battery,7.947595861830399e-05,237.5706374594711,343.08037100416595,0.0,GWh_e
ES,battery charger,2.597422020134372e-05,39.817654721751346,58.35915623085923,0.0,GW_e
ES,battery discharger,2.597422020135091e-05,39.817654721762366,58.35915623087537,0.0,GW_e
ES,biomass,7849114.431395449,28029923.46901639,38902768.520393126,0.0,GW_e
ES,co2 stored,0.004897529885340537,0.00319450606428029,4.7752768299167806e-11,0.0,GW_e
ES,electricity distribution grid,38.6079630878383,38.60796769617523,38.607963087838336,0.0,GW_e
ES,gas_extraction,638.9153791548887,638.9153791548887,638.9153791548887,638.9153791548887,GW_lhv
ES,gas_stores,8235523.722923876,28493281.15397578,39230675.3104649,0.0,GW_e
ES,helmeth,4.4166665991656537e-07,2.6655309828316246e-07,3.090259350414408e-15,0.0,GW_e
ES,home battery,9.866686629952733,11.256362120178443,11.972460713877982,0.0,GWh_e
ES,home battery charger,3.2224460080466057,3.676312642128968,3.6736583988969707,0.0,GW_e
ES,home battery discharger,3.288895184743727,3.7521208784006355,3.749411902745789,0.0,GW_e
ES,hydro,15.221407,15.221407,15.221407,15.221407,GW_e
ES,nuclear,3.1126,2.0486999999999997,0.0,3.1126,GW_e
ES,offwind,2.7450001577813232,2.74499022412827,2.744983535914424,0.0,GW_e
ES,onwind,48.61300025384226,92.39272031983977,92.563274698252,29.335840000000005,GW_e
ES,ror,0.1470082475,0.1470082475,0.1470082475,0.1470082475,GW_e
ES,solar,122.31602891364093,187.6697884897986,229.64186589662256,18.173209178335892,GW_e
EU,coal/lignite_stores,7849107.861180977,28029923.683965046,38902768.63474606,0.0,GW_e
EU,oil_stores,3924557.2137153773,14014961.701047853,19451384.317173492,0.0,GW_e
EU,uranium_stores,4092766.711460416,14167621.898661904,19451384.401300255,0.0,GW_e
FI,CCGT,1.3763999999999998,0.0,0.0,1.3763999999999998,GW_e
FI,H2 Electrolysis,4.827504020001754e-06,20.133958727832656,20.98299266794549,0.0,GW_e
FI,H2 Fuel Cell,6.626882188815943e-07,1.9549503699563648e-06,1.1463137333542165e-14,0.0,GW_e
FI,H2 Store,1.804577340856339e-05,1.7119279644165097e-05,3.3519801281415707e-13,0.0,"GWh_lhv,h2"
FI,Haber-Bosch,1.8218573824254393e-06,0.6976807702622783,1.0431122105433135,0.0,"GW_lhv,nh3"
FI,OCGT,2.4675052124303973,0.0,0.0,0.0,GW_e
FI,Sabatier,8.194931759813707e-07,4.1926594363865085e-07,5.464710914405388e-15,0.0,"GW_lhv,h2"
FI,ammonia cracker,7.951770392249584e-07,4.315005531952204e-07,5.741608267573223e-15,0.0,"GW_lhv,nh3"
FI,ammonia store,0.002685649639604426,115.82376215900838,267.5114335364108,0.0,GW_e
FI,battery,0.00019230156776775374,80.50845221940101,80.50845221940293,0.0,GWh_e
FI,battery charger,6.27498093437239e-05,4.8149340919491115,5.554963882159808,0.0,GW_e
FI,battery discharger,6.274980934374126e-05,4.814934091950444,5.554963882161346,0.0,GW_e
FI,biomass,3924557.2751419563,14014961.845439984,19451384.261940513,0.0,GW_e
FI,co2 stored,0.002448764985053264,0.0015971972701505674,2.3876318915949148e-11,0.0,GW_e
FI,electricity distribution grid,15.17116933846145,15.171173032170808,15.17116933846146,0.0,GW_e
FI,gas_extraction,15.526347326963645,15.526347326963645,15.526347326963645,15.526347326963645,GW_lhv
FI,gas_stores,4118728.9458325887,14302539.814957807,19612876.378076825,0.0,GW_e
FI,helmeth,2.2079506142356406e-07,1.3325783612262848e-07,1.5449081024752483e-15,0.0,GW_e
FI,home battery,1.7320094510570114,3.121838472076645,3.1218384720768153,0.0,GWh_e
FI,home battery charger,0.3392551150543544,0.5174302175733022,0.5174302175733758,0.0,GW_e
FI,home battery discharger,0.34625080188024926,0.5281000043967594,0.5281000043968346,0.0,GW_e
FI,hydro,1.3868000000000003,1.3868000000000003,1.3868000000000003,1.3868000000000003,GW_e
FI,nuclear,3.37,3.37,0.0,3.37,GW_e
FI,offwind,0.0673177761465133,18.655981288381994,18.65596401157388,0.06730000000000001,GW_e
FI,onwind,6.463000880570054,66.84125879056361,66.80605175364643,5.544,GW_e
FI,ror,1.5369300000000001,1.5369300000000001,1.5369300000000001,1.5369300000000001,GW_e
FI,solar,3.160612555724551,7.283131997382028,11.405661964402992,0.5735999999999999,GW_e
FR,CCGT,7.318,0.0,0.0,7.318,GW_e
FR,H2 Electrolysis,0.6556563306622866,17.637371480611428,23.015702857080854,0.0,GW_e
FR,H2 Fuel Cell,4.979044302398746e-07,1.7971188008655016e-06,1.6774850319941304e-14,0.0,GW_e
FR,H2 Store,1.813154555488249e-05,1.2153294387644714e-05,2.1064795029312195e-13,0.0,"GWh_lhv,h2"
FR,Haber-Bosch,0.6377905858215341,1.8175078161674185,2.3129660897390183,0.0,"GW_lhv,nh3"
FR,OCGT,1.697455181586336e-06,0.0,0.0,0.0,GW_e
FR,PHS,4.9763,4.9763,4.9763,4.9763,GW_e
FR,Sabatier,8.194923466416928e-07,4.192796584821857e-07,5.464865005745396e-15,0.0,"GW_lhv,h2"
FR,ammonia cracker,6.720470363381359e-07,4.259271974502884e-07,5.745146392627219e-15,0.0,"GW_lhv,nh3"
FR,ammonia store,295.19841784515023,1478.5858234762916,1778.2847590772703,0.0,GW_e
FR,battery,16.636075945024267,128.02020498777904,229.06196731567135,0.0,GWh_e
FR,battery charger,5.433315890305711,21.77501368930856,38.964231902926954,0.0,GW_e
FR,battery discharger,5.433315890307214,21.77501368931459,38.96423190293774,0.0,GW_e
FR,biomass,4092545.624349435,14167502.509325393,19636143.663430095,0.0,GW_e
FR,co2 stored,0.00244876526697931,0.0015971964938910502,2.3876111705381582e-11,0.0,GW_e
FR,electricity distribution grid,88.71046198292424,88.71046420002992,88.71046198292426,0.0,GW_e
FR,gas_extraction,76.84162653258763,76.84162653258763,76.84162653258763,76.84162653258763,GW_lhv
FR,gas_stores,4125689.3036814826,14249643.785988612,19612098.130361214,0.0,GW_e
FR,helmeth,2.208416424394675e-07,1.3339024702725996e-07,1.5460058135310596e-15,0.0,GW_e
FR,home battery,6.529079342477827,20.31022554153334,20.310225541533736,0.0,GWh_e
FR,home battery charger,2.1323883465728612,6.633291874714374,6.633291874714428,0.0,GW_e
FR,home battery discharger,2.176359742734188,6.770075170001816,6.77007517000187,0.0,GW_e
FR,hydro,8.060550318471336,8.060550318471336,8.060550318471336,8.060550318471336,GW_e
FR,nuclear,14.83,9.55,0.0,14.83,GW_e
FR,offwind,5.668000297439199,11.274618003118675,17.40679669299685,0.4799999999999999,GW_e
FR,onwind,41.042566788224875,114.41852567604266,121.48219134682606,20.63798,GW_e
FR,ror,6.836243641193081,6.836243641193081,6.836243641193081,6.836243641193081,GW_e
FR,solar,49.17166246203399,212.3662880084263,274.54394457655343,17.023970000000002,GW_e
FR,urban central solid biomass CHP,0.57788445,0.57788445,0.35859095,0.57788445,GW_e
GB,CCGT,32.65322243214685,0.0,0.0,32.65322243214685,GW_e
GB,H2 Electrolysis,27.22333068358528,87.49468589949701,97.72221034944936,0.0,GW_e
GB,H2 Fuel Cell,1.0082671342465234e-06,1.069128462330748e-05,2.774140296473455e-14,0.0,GW_e
GB,H2 Store,121.98601991830323,10123.652820571877,11299.476325479496,0.0,"GWh_lhv,h2"
GB,Haber-Bosch,0.5044130519157828,1.1228375469001997,1.4109491140019876,0.0,"GW_lhv,nh3"
GB,OCGT,3.5032099565811064e-06,0.0,0.0,0.0,GW_e
GB,PHS,0.44,0.44,0.44,0.44,GW_e
GB,Sabatier,1.6389795177673064e-06,8.385578474469355e-07,1.0929621537892684e-14,0.0,"GW_lhv,h2"
GB,ammonia cracker,1.3575382128767202e-06,8.29630908310631e-07,1.1240962057831813e-14,0.0,"GW_lhv,nh3"
GB,ammonia store,320.6573320487997,962.6293944437028,967.7472424812178,0.0,GW_e
GB,battery,4.764863989667811,190.22009365402874,190.22009365403238,0.0,GWh_e
GB,battery charger,1.5561980027849636,12.942840270435221,15.667187927642432,0.0,GW_e
GB,battery discharger,1.5561980027853943,12.942840270438804,15.66718792764677,0.0,GW_e
GB,biomass,8185087.712710423,28335019.03997939,39272299.14025711,0.0,GW_e
GB,co2 stored,0.004897530098905635,0.0031943938703117695,4.775222376627683e-11,0.0,GW_e
GB,electricity distribution grid,56.726214706032806,56.884910905970386,56.88486128968936,0.0,GW_e
GB,gas_extraction,8199.703310058643,8199.703310058643,8199.703310058643,8199.703310058643,GW_lhv
GB,gas_stores,8260142.029891042,28601636.520413455,39227821.976127245,0.0,GW_e
GB,helmeth,4.4163469171103057e-07,2.665922298008206e-07,3.0907856252662515e-15,0.0,GW_e
GB,home battery,15.364083269228543,27.302188589027676,27.30218858902823,0.0,GWh_e
GB,home battery charger,4.25693697650209,6.989141090034795,6.989141090034895,0.0,GW_e
GB,home battery discharger,4.344718108174664,7.133262254545587,7.13326225454569,0.0,GW_e
GB,hydro,0.1383,0.1383,0.1383,0.1383,GW_e
GB,nuclear,2.69,1.32,0.0,2.69,GW_e
GB,offwind,40.996000679505066,77.78080117382362,80.703383172232,13.924000000000001,GW_e
GB,onwind,58.27873479919603,107.66602345111309,107.27797564916717,14.832000000000003,GW_e
GB,ror,8.7889,8.7889,8.7889,8.7889,GW_e
GB,solar,24.29218853721841,100.8648990122728,159.57303218433148,14.644901924934768,GW_e
GB,urban central solid biomass CHP,5.6603,5.5968,5.1887,5.6603,GW_e
GR,CCGT,7.056142334258649,0.0,0.0,7.056142334258649,GW_e
GR,H2 Electrolysis,0.35914784586096116,13.620125597337829,19.909061850198857,0.0,GW_e
GR,H2 Fuel Cell,4.375054884456042e-07,7.294753915738031e-07,7.841842076827494e-15,0.0,GW_e
GR,H2 Store,0.8772493031527164,682.61708287029,2009.335686983143,0.0,"GWh_lhv,h2"
GR,Haber-Bosch,0.0811234599598727,2.1876039864031034,3.48916650815315,0.0,"GW_lhv,nh3"
GR,OCGT,1.15596895763457e-06,0.0,0.0,0.0,GW_e
GR,PHS,0.699,0.699,0.699,0.699,GW_e
GR,Sabatier,8.195364488745125e-07,4.192782674785348e-07,5.46471887359104e-15,0.0,"GW_lhv,h2"
GR,ammonia cracker,6.723025778468514e-07,4.2978442689682116e-07,5.835951470162998e-15,0.0,"GW_lhv,nh3"
GR,ammonia store,40.90979786117865,1911.4158822509767,3347.2655969357806,0.0,GW_e
GR,battery,0.5470904796295262,23.67365459357398,29.40229489510171,0.0,GWh_e
GR,battery charger,0.1786789937622518,3.898484247670649,4.997046424563922,0.0,GW_e
GR,battery discharger,0.17867899376230126,3.8984842476717283,4.997046424565306,0.0,GW_e
GR,biomass,3924553.7291901438,14014961.791726766,19451384.285768393,0.0,GW_e
GR,co2 stored,0.002448765266084587,0.001597266567709641,2.3876417780595215e-11,0.0,GW_e
GR,electricity distribution grid,7.944667411090446,7.94466862455378,7.9446674110904585,0.0,GW_e
GR,gas_extraction,41.18808513408379,41.18808513408379,41.18808513408379,41.18808513408379,GW_lhv
GR,gas_stores,4100910.6769455355,14261357.424812527,19609671.869731355,0.0,GW_e
GR,helmeth,2.2081316635767353e-07,1.332753555908923e-07,1.5450469802759176e-15,0.0,GW_e
GR,home battery,9.503633579665955,9.503644512928119,9.503633579666138,0.0,GWh_e
GR,home battery charger,1.9877577383450622,2.0592991109370873,2.0592991109373293,0.0,GW_e
GR,home battery discharger,2.028746746339778,2.101763353985129,2.1017633539853757,0.0,GW_e
GR,hydro,2.566,2.566,2.566,2.566,GW_e
GR,offwind,3.5618228474055e-06,5.489538137264047,5.48953863604463,0.0,GW_e
GR,onwind,6.600000001381324,26.03536699591603,25.9028673524416,4.87913,GW_e
GR,ror,0.1031,0.1031,0.1031,0.1031,GW_e
GR,solar,19.21359953613947,36.44108098740758,44.68587859760589,5.55642,GW_e
H2,H2 pipeline,3.0586697600880743,33.85520104869794,36.25976269289799,0.0,GW_e
H2,H2 pipeline retrofitted,50.918341794914085,115.09921398374665,151.88324682846365,0.0,GW_e
HR,CCGT,0.276,0.0,0.0,0.276,GW_e
HR,H2 Electrolysis,7.801909701869839e-06,0.00030727155713029136,1.7751531745110614,0.0,GW_e
HR,H2 Fuel Cell,5.572793855922067e-07,2.666611398799388e-06,3.7369362338212454e-14,0.0,GW_e
HR,H2 Store,1.7943177242414272e-05,1.2280921211284793e-05,2.4621841486182565e-13,0.0,"GWh_lhv,h2"
HR,Haber-Bosch,0.17273052673010877,0.19968264644284778,0.2483322905472093,0.0,"GW_lhv,nh3"
HR,OCGT,2.559005712992346e-06,0.0,0.0,0.0,GW_e
HR,PHS,0.5187,0.5187,0.5187,0.5187,GW_e
HR,Sabatier,8.194907467603607e-07,4.192789925428539e-07,5.464851746401534e-15,0.0,"GW_lhv,h2"
HR,ammonia cracker,6.718099223763288e-07,4.390406462569782e-07,5.814647126907914e-15,0.0,"GW_lhv,nh3"
HR,ammonia store,44.1620860152907,160.07728644713666,228.3140846502374,0.0,GW_e
HR,battery,0.0006755641773776389,36.845010271201936,36.84501027124392,0.0,GWh_e
HR,battery charger,0.00021982485269918044,4.178317455272031,4.6160033236111735,0.0,GW_e
HR,battery discharger,0.0002198248526992413,4.178317455273186,4.61600332361245,0.0,GW_e
HR,biomass,3924554.591748777,14014961.845273787,19451384.311124984,0.0,GW_e
HR,co2 stored,0.0024487653187679876,0.001597266519189753,2.3876411177126697e-11,0.0,GW_e
HR,electricity distribution grid,2.570888217168653,2.570891686791189,2.5708882171687053,0.0,GW_e
HR,gas_stores,4118027.8123310492,14308163.48030414,19611452.205814734,0.0,GW_e
HR,helmeth,2.207998045699365e-07,1.3326692281622658e-07,1.5452370356082748e-15,0.0,GW_e
HR,home battery,1.3560097122144112,2.6902380389625757,3.3373771414099878,0.0,GWh_e
HR,home battery charger,0.27858217863652607,0.5823235719220411,0.7403272846600719,0.0,GW_e
HR,home battery discharger,0.2843267454552294,0.5943315068351237,0.7555933708657793,0.0,GW_e
HR,hydro,1.3276244585987262,1.3276244585987262,1.3276244585987262,1.3276244585987262,GW_e
HR,offwind,1.5101520159788036e-06,1.506523179245507e-06,2.376471916203579e-14,0.0,GW_e
HR,onwind,1.2940000179144613,1.2940017088732836,1.2940000179144868,1.0369000000000002,GW_e
HR,ror,0.27316773029167685,0.27316773029167685,0.27316773029167685,0.27316773029167685,GW_e
HR,solar,4.040439097258239,15.667966305977275,19.526415123096097,0.182,GW_e
HU,CCGT,2.8119,0.0,0.0,2.8119,GW_e
HU,H2 Electrolysis,1.005668150928784e-05,2.4794456264939084,6.655633081921553,0.0,GW_e
HU,H2 Fuel Cell,5.92570787871994e-07,2.2756660624523486e-06,3.482689145894582e-14,0.0,GW_e
HU,H2 Store,1.7946165246862713e-05,1.2519377544246993e-05,2.445568863692357e-13,0.0,"GWh_lhv,h2"
HU,Haber-Bosch,0.29861813594480285,0.3356678903557085,0.366273732625097,0.0,"GW_lhv,nh3"
HU,OCGT,3.94550315352262e-06,0.0,0.0,0.0,GW_e
HU,Sabatier,8.194933852275448e-07,4.1927880497435686e-07,5.464846321126411e-15,0.0,"GW_lhv,h2"
HU,ammonia cracker,6.723160259730406e-07,4.398139163198217e-07,5.834513275691957e-15,0.0,"GW_lhv,nh3"
HU,ammonia store,75.23195950477604,325.1286205472457,331.1870689326045,0.0,GW_e
HU,battery,2.2774376168975703,86.1901031920631,86.19010319207975,0.0,GWh_e
HU,battery charger,0.7438077121884812,9.774158200160505,9.774158200161917,0.0,GW_e
HU,battery discharger,0.7438077121886871,9.77415820016321,9.774158200164623,0.0,GW_e
HU,biomass,3924553.727142832,14014961.68349426,19451384.25939369,0.0,GW_e
HU,co2 stored,0.002448765465716195,0.0015971967865414534,2.3876455354935993e-11,0.0,GW_e
HU,electricity distribution grid,7.407081867461019,8.424792834221766,8.463751624561766,0.0,GW_e
HU,gas_extraction,26.811717961867622,26.811717961867622,26.811717961867622,26.811717961867622,GW_lhv
HU,gas_stores,4120826.2310716845,14263960.80104549,19611246.801932182,0.0,GW_e
HU,helmeth,2.2080932822088782e-07,1.332688591116215e-07,1.545358763273055e-15,0.0,GW_e
HU,home battery,2.089165180426011,3.4335386208489944,10.312432708068693,0.0,GWh_e
HU,home battery charger,0.6823184655031828,1.0470305728910807,1.850297280139756,0.0,GW_e
HU,home battery discharger,0.6963883677341945,1.068621103615753,1.8884517536679999,0.0,GW_e
HU,hydro,0.028,0.028,0.028,0.028,GW_e
HU,nuclear,1.8988999999999998,1.8988999999999998,0.0,1.8988999999999998,GW_e
HU,onwind,0.3350052096807348,17.26052621256007,19.466409773563726,0.335,GW_e
HU,ror,0.0197,0.0197,0.0197,0.0197,GW_e
HU,solar,12.852492411787566,35.497777424154734,45.36425921691718,2.986,GW_e
IE,CCGT,4.219,0.0,0.0,4.219,GW_e
IE,H2 Electrolysis,1.1114357245045194,18.15484336777144,20.221167327364057,0.0,GW_e
IE,H2 Fuel Cell,4.880032841899595e-07,1.9241775824823462e-06,1.0500573630604064e-14,0.0,GW_e
IE,H2 Store,1.841289357138746e-05,1.3455501552864422e-05,2.274255784745112e-13,0.0,"GWh_lhv,h2"
IE,Haber-Bosch,2.037439304519223e-06,0.20508113441513692,0.28504942344258455,0.0,"GW_lhv,nh3"
IE,OCGT,1.521177638101267e-06,0.0,0.0,0.0,GW_e
IE,PHS,0.392,0.392,0.392,0.392,GW_e
IE,Sabatier,8.194922576949996e-07,4.1927822711049376e-07,5.464813970867984e-15,0.0,"GW_lhv,h2"
IE,ammonia cracker,8.217290568997164e-07,4.170052363602537e-07,5.661095003314829e-15,0.0,"GW_lhv,nh3"
IE,ammonia store,0.0026833025124450936,130.22144110575218,214.51213755248818,0.0,GW_e
IE,battery,1.167283668781858,5.931281009095149,5.9312810090965575,0.0,GWh_e
IE,battery charger,0.3812332452727563,0.3813292471631471,0.38132839877456504,0.0,GW_e
IE,battery discharger,0.38123324527286184,0.38132924716325267,0.3813283987746705,0.0,GW_e
IE,biomass,3924557.257114495,14014961.84495361,19451384.3125691,0.0,GW_e
IE,co2 stored,0.002448764923627485,0.0015973049021962974,2.3876112333210507e-11,0.0,GW_e
IE,electricity distribution grid,7.495731151845636,8.02347317166078,8.023473171660791,0.0,GW_e
IE,gas_extraction,2166.303929904731,2166.303929904731,2166.303929904731,2166.303929904731,GW_lhv
IE,gas_stores,4133450.877523323,14258493.836969312,19614824.784461554,0.0,GW_e
IE,helmeth,2.2078201193537532e-07,1.3326644735451937e-07,1.5452589119075432e-15,0.0,GW_e
IE,home battery,2.0128318276661505,3.2923068548845595,3.2923068548848153,0.0,GWh_e
IE,home battery charger,0.6573881124364027,0.9303529359604091,0.9303529359604576,0.0,GW_e
IE,home battery discharger,0.6709439326837537,0.9495374890849451,0.9495374890849946,0.0,GW_e
IE,hydro,0.001,0.001,0.001,0.001,GW_e
IE,offwind,3.5000010509722266,10.96496394714281,10.939763990581087,0.0252,GW_e
IE,onwind,6.000000075739717,33.8243247453442,33.8243248399192,4.59384,GW_e
IE,ror,0.216,0.216,0.216,0.216,GW_e
IE,solar,5.028248633862958e-05,4.189273324580324,8.378530143096365,0.0,GW_e
IT,CCGT,48.0357,0.0,0.0,48.0357,GW_e
IT,H2 Electrolysis,0.15139096345191227,0.6758859671224312,15.739125698852137,0.0,GW_e
IT,H2 Fuel Cell,8.629744948170282e-07,0.36575005799062993,0.3657489900241702,0.0,GW_e
IT,H2 Store,4.005072611889682e-05,2.72173433764024e-05,5.170984107811604e-13,0.0,"GWh_lhv,h2"
IT,Haber-Bosch,0.3163968552431968,2.943723820074927,4.757801154472653,0.0,"GW_lhv,nh3"
IT,OCGT,2.329786107634027e-06,0.0,0.0,0.0,GW_e
IT,PHS,7.576899999999999,7.576899999999999,7.576899999999999,7.576899999999999,GW_e
IT,Sabatier,1.6389861564012824e-06,8.385572999946864e-07,1.0929646686618426e-14,0.0,"GW_lhv,h2"
IT,ammonia cracker,1.350726729120659e-06,8.511475424088388e-07,1.165717671286031e-14,0.0,"GW_lhv,nh3"
IT,ammonia store,69.17044930526572,2420.8039457555537,4100.718806837614,0.0,GW_e
IT,battery,1.50150898111846,187.5097785863277,296.3809444235268,0.0,GWh_e
IT,battery charger,0.49039071072200274,28.12109624884682,46.28026253287472,0.0,GW_e
IT,battery discharger,0.49039071072213847,28.121096248854602,46.280262532887534,0.0,GW_e
IT,biomass,7849108.808516922,28029923.659943055,38902768.611960396,0.0,GW_e
IT,co2 stored,0.0048975308908694535,0.003194512611016874,4.775273227436953e-11,0.0,GW_e
IT,electricity distribution grid,55.48729213909603,55.66483580662281,55.66483282146013,0.0,GW_e
IT,gas_extraction,112.49286572696768,112.49286572696768,112.49286572696768,112.49286572696768,GW_lhv
IT,gas_stores,8230906.874126936,28544011.588093687,39225365.706103,0.0,GW_e
IT,helmeth,4.4164676236330296e-07,2.665365823397544e-07,3.0903904948606383e-15,0.0,GW_e
IT,home battery,26.142989769404664,60.42294622826673,60.422946228267236,0.0,GWh_e
IT,home battery charger,8.538260017890117,15.56316417662219,15.563164176622323,0.0,GW_e
IT,home battery discharger,8.714325139601394,15.884087923290506,15.884087923290641,0.0,GW_e
IT,hydro,4.13086178343949,4.13086178343949,4.13086178343949,4.13086178343949,GW_e
IT,offwind,0.8966931751309624,2.5166153698732767,2.5166024945889935,0.02669285445304851,GW_e
IT,onwind,17.520000304879662,34.84060036531076,33.77576939029537,11.74973,GW_e
IT,ror,7.42449,7.42449,7.42449,7.42449,GW_e
IT,solar,101.98098252825926,185.8878618240848,240.94223115228263,25.074544949742897,GW_e
LT,CCGT,1.148,0.0,0.0,1.148,GW_e
LT,H2 Electrolysis,6.5646989132276916e-06,0.24056528150566808,0.24056528150650813,0.0,GW_e
LT,H2 Fuel Cell,6.587487569406306e-07,2.580748005052052e-05,4.433360376446183e-13,0.0,GW_e
LT,H2 Store,1.8060137585565797e-05,1.3462049419341982e-05,2.3107747894712586e-13,0.0,"GWh_lhv,h2"
LT,Haber-Bosch,0.5123213497646395,0.7234653662728135,0.8928242122358091,0.0,"GW_lhv,nh3"
LT,OCGT,1.2912901547091327e-05,0.0,0.0,0.0,GW_e
LT,PHS,0.9,0.9,0.9,0.9,GW_e
LT,Sabatier,8.194915567220454e-07,4.1927770868067947e-07,5.464802869961325e-15,0.0,"GW_lhv,h2"
LT,ammonia cracker,6.691888707756442e-07,4.293425278454246e-07,5.7391709923231326e-15,0.0,"GW_lhv,nh3"
LT,ammonia store,47.57565784719441,604.0328721805093,658.2163189779411,0.0,GW_e
LT,battery,0.00017608505195940412,0.0003357785070461268,3.5100676734334254e-12,0.0,GWh_e
LT,battery charger,5.745227015849287e-05,3.8014547327420005e-05,4.002920273860614e-13,0.0,GW_e
LT,battery discharger,5.7452270158508775e-05,3.801454732743053e-05,4.002920273861722e-13,0.0,GW_e
LT,biomass,3924557.2640268984,14014961.68951567,19451384.55327974,0.0,GW_e
LT,co2 stored,0.0024487649109999053,0.0015972983149832598,2.387652413691625e-11,0.0,GW_e
LT,electricity distribution grid,1.6971816998897087,1.6971926268785078,1.7795179767173404,0.0,GW_e
LT,gas_extraction,21.70269105282372,21.70269105282372,21.70269105282372,21.70269105282372,GW_lhv
LT,gas_stores,4121443.687562511,14282781.517746203,19614015.210021053,0.0,GW_e
LT,helmeth,2.2079141636109328e-07,1.3326636758409108e-07,1.5451389630208157e-15,0.0,GW_e
LT,home battery,0.4654499741538212,1.0388515367882745,1.1739277701546171,0.0,GWh_e
LT,home battery charger,0.15201537949204277,0.2601193355636579,0.27801558159159656,0.0,GW_e
LT,home battery discharger,0.15515004700464755,0.2654831851512216,0.2837484647677934,0.0,GW_e
LT,offwind,0.7000000009436592,0.7000039068084982,0.7000000009437463,0.0,GW_e
LT,onwind,0.9990001034219188,0.9990027944070136,0.999000103421973,0.813,GW_e
LT,ror,0.101,0.101,0.101,0.101,GW_e
LT,solar,2.3629692964207942,5.164128304088735,6.799653184330372,0.3969,GW_e
LU,H2 Electrolysis,4.563061479827663e-06,1.2367588338350145e-05,2.792536674010689e-13,0.0,GW_e
LU,H2 Fuel Cell,6.707216808208162e-07,0.02554934490101926,0.025549344901104276,0.0,GW_e
LU,H2 Store,1.7990012117578773e-05,1.1777750715367557e-05,2.005764237332464e-13,0.0,"GWh_lhv,h2"
LU,Haber-Bosch,1.8266501715308847e-06,9.991932506838546e-07,1.348773756959589e-14,0.0,"GW_lhv,nh3"
LU,OCGT,2.802113663203982e-05,0.0,0.0,0.0,GW_e
LU,PHS,2.582,2.582,2.582,2.582,GW_e
LU,Sabatier,8.194896693814393e-07,4.1927905223990745e-07,5.46485339152992e-15,0.0,"GW_lhv,h2"
LU,ammonia cracker,7.971245022414386e-07,5.810766358470097e-07,8.01898642888932e-15,0.0,"GW_lhv,nh3"
LU,ammonia store,0.002687320424214,0.0017616547816019742,2.632648058482636e-11,0.0,GW_e
LU,battery,2.422744226621497,2.523849984485362,2.523849984489892,0.0,GWh_e
LU,battery charger,0.41212476862724845,0.41215597516555197,0.42931560064811014,0.0,GW_e
LU,battery discharger,0.41212476862736247,0.412155975165666,0.4293156006482289,0.0,GW_e
LU,biomass,3924553.7050453634,14014961.773627613,19451384.452627357,0.0,GW_e
LU,co2 stored,0.00244876512755432,0.0015972310277478146,2.387625707538181e-11,0.0,GW_e
LU,electricity distribution grid,1.4199078334625042,1.5154260743188013,1.5618533130171695,0.0,GW_e
LU,gas_stores,4121452.479390637,14253407.594664037,19612061.361635,0.0,GW_e
LU,helmeth,2.2079051475600903e-07,1.332687941734846e-07,1.5459024749952533e-15,0.0,GW_e
LU,home battery,0.13968587560956497,0.14414689973891218,0.19053042851723692,0.0,GWh_e
LU,home battery charger,0.04562110738282392,0.04707812099259469,0.062226977378934775,0.0,GW_e
LU,home battery discharger,0.046561847745278356,0.04804890603370751,0.06351014283922657,0.0,GW_e
LU,onwind,0.4275700274162641,0.4135730606657585,0.392570027416425,0.17301000000000002,GW_e
LU,ror,0.030899999999999997,0.030899999999999997,0.030899999999999997,0.030899999999999997,GW_e
LU,solar,0.8932742086731044,1.4732891520476976,2.0532549699958746,0.31329,GW_e
LV,CCGT,1.087,0.0,0.0,1.087,GW_e
LV,H2 Electrolysis,7.5583161213319595e-06,3.021258109144612e-05,2.5676988682565616e-13,0.0,GW_e
LV,H2 Fuel Cell,6.572759697522715e-07,5.980714884482079e-06,3.757413697932935e-14,0.0,GW_e
LV,H2 Store,1.8048792294231067e-05,1.4763124617339264e-05,2.4196361405762994e-13,0.0,"GWh_lhv,h2"
LV,Haber-Bosch,1.8194238790740474e-06,0.20005394213724825,0.34665320434097713,0.0,"GW_lhv,nh3"
LV,OCGT,1.314131210504832e-05,0.0,0.0,0.0,GW_e
LV,Sabatier,8.194936969877808e-07,4.192791280396387e-07,5.464872697358084e-15,0.0,"GW_lhv,h2"
LV,ammonia cracker,7.888393218036032e-07,4.3042570112085365e-07,5.77790354804866e-15,0.0,"GW_lhv,nh3"
LV,ammonia store,0.002682819420944022,165.0494433030182,248.04837206527498,0.0,GW_e
LV,battery,0.00017637686679887143,1.220504303975043,1.2205076776343649,0.0,GWh_e
LV,battery charger,5.755864845775339e-05,0.13840838135926664,0.13840838136012518,0.0,GW_e
LV,battery discharger,5.755864845776932e-05,0.13840838135930494,0.1384083813601635,0.0,GW_e
LV,biomass,3924557.1713175015,14014961.844255524,19451384.177844502,0.0,GW_e
LV,co2 stored,0.002448764888716173,0.0015973027446135686,2.387651796026648e-11,0.0,GW_e
LV,electricity distribution grid,1.6071140370085084,1.7469568217226625,1.920165794906633,0.0,GW_e
LV,gas_extraction,13.457667839999997,13.457667839999997,13.457667839999997,13.457667839999997,GW_lhv
LV,gas_stores,4123708.796716783,14278292.91983929,19612870.657417595,0.0,GW_e
LV,helmeth,2.2079281451788709e-07,1.3326719193977543e-07,1.5456357100690407e-15,0.0,GW_e
LV,home battery,0.04109044688613369,0.8978786532043265,1.1284751456199638,0.0,GWh_e
LV,home battery charger,0.013417602066070669,0.17442908676058394,0.2408971820520316,0.0,GW_e
LV,home battery discharger,0.01369428276399816,0.17802594119300238,0.2458646568758278,0.0,GW_e
LV,offwind,0.13000003701432572,0.13000230587564798,0.13000003701436763,0.0,GW_e
LV,onwind,0.1857900017027841,0.18579325518674253,0.16179000170298688,0.12192,GW_e
LV,ror,1.5360999999999998,1.5360999999999998,1.5360999999999998,1.5360999999999998,GW_e
LV,solar,1.863457078765174,3.675852894352914,5.488242525377487,0.05106,GW_e
ME,H2 Electrolysis,0.023701686731796,0.5745270959607981,0.871994948112568,0.0,GW_e
ME,H2 Fuel Cell,5.19280301705689e-07,9.704708636860962e-07,1.1770215427388226e-14,0.0,GW_e
ME,H2 Store,1.9317349035697803e-05,1.2978886269859105e-05,2.9925027410856665e-13,0.0,"GWh_lhv,h2"
ME,Haber-Bosch,0.005951490806427389,0.1700034841218611,0.2803300141150131,0.0,"GW_lhv,nh3"
ME,OCGT,2.0801666514530977e-06,0.0,0.0,0.0,GW_e
ME,Sabatier,8.195027188293078e-07,4.1927779423352595e-07,5.464799574343509e-15,0.0,"GW_lhv,h2"
ME,ammonia cracker,6.726869563177106e-07,4.380786310708582e-07,5.89896818478998e-15,0.0,"GW_lhv,nh3"
ME,ammonia store,2.7595613333243136,150.86063699704968,275.2722304393186,0.0,GW_e
ME,battery,0.0013901016896090618,0.306416013163911,0.7259573905149482,0.0,GWh_e
ME,battery charger,0.00041396418751870625,0.05211795904238246,0.12348785984472452,0.0,GW_e
ME,battery discharger,0.00041396418751882085,0.05211795904239689,0.1234878598447587,0.0,GW_e
ME,biomass,3924553.8609123332,14014961.772571297,19451384.256705962,0.0,GW_e
ME,co2 stored,0.0024487652629955844,0.0015972751078668628,2.387641260386687e-11,0.0,GW_e
ME,electricity distribution grid,0.6064908770729583,0.6064917543084939,0.6064908770729712,0.0,GW_e
ME,gas_stores,4113637.2376226196,14319282.494076911,19610730.870214283,0.0,GW_e
ME,helmeth,2.2080629516186343e-07,1.3326757861641124e-07,1.545546054986962e-15,0.0,GW_e
ME,home battery,0.4735218854983049,0.4735328531125118,0.47352188549852026,0.0,GWh_e
ME,home battery charger,0.08536343098790194,0.08536945114847885,0.08536343098803997,0.0,GW_e
ME,home battery discharger,0.08712368692237642,0.08712983122303604,0.0871236869225173,0.0,GW_e
ME,hydro,0.36296100000000003,0.36296100000000003,0.36296100000000003,0.36296100000000003,GW_e
ME,offwind,5.943416389186618e-07,3.7725864198590445e-07,6.878610879680451e-15,0.0,GW_e
ME,onwind,0.2500000117887443,0.25000056180217134,0.2500000117887497,0.118,GW_e
ME,ror,0.31236,0.31236,0.31236,0.31236,GW_e
ME,solar,0.7190777717031998,2.840113313082287,3.539558039740963,0.019629999999999998,GW_e
MK,H2 Electrolysis,0.04867096282681253,0.07051372042125852,0.07051372042646652,0.0,GW_e
MK,H2 Fuel Cell,4.6235643061650376e-07,8.104070090730364e-07,8.621265179483656e-15,0.0,GW_e
MK,H2 Store,2.0119048677522823e-05,1.3156499654450863e-05,2.8141306510664383e-13,0.0,"GWh_lhv,h2"
MK,Haber-Bosch,0.013948191615025304,0.37564051112435576,0.6428863508443506,0.0,"GW_lhv,nh3"
MK,OCGT,1.472824386406325e-06,0.0,0.0,0.0,GW_e
MK,Sabatier,8.194938972408883e-07,4.1927902683366157e-07,5.464843634485367e-15,0.0,"GW_lhv,h2"
MK,ammonia cracker,6.766264498159073e-07,4.2932754769581516e-07,5.866123870187763e-15,0.0,"GW_lhv,nh3"
MK,ammonia store,6.253717507123733,328.62670142929096,615.3431461901373,0.0,GW_e
MK,battery,1.714532757780669,17.907176576522787,18.22568896187353,0.0,GWh_e
MK,battery charger,0.5599641051569386,2.6383846161540063,3.1002526504951144,0.0,GW_e
MK,battery discharger,0.5599641051570936,2.6383846161547364,3.1002526504959724,0.0,GW_e
MK,biomass,3924553.494481442,14014961.806684144,19451384.258776262,0.0,GW_e
MK,co2 stored,0.0024487652464939775,0.0015973042921267524,2.3876532714456113e-11,0.0,GW_e
MK,electricity distribution grid,1.6915259021703581,1.6915270905088498,1.6915259021703857,0.0,GW_e
MK,gas_stores,4113646.075432409,14319466.398884207,19610443.1301398,0.0,GW_e
MK,helmeth,2.208041551230457e-07,1.3326811357070352e-07,1.5460426260286479e-15,0.0,GW_e
MK,home battery,0.13995720875535,0.1399677642258709,0.2535249950860775,0.0,GWh_e
MK,home battery charger,0.04312547743040561,0.04386255836455198,0.043125477430687224,0.0,GW_e
MK,home battery discharger,0.044014756091014684,0.044767036169261795,0.04401475609130211,0.0,GW_e
MK,onwind,0.15000000887272097,0.15000037586156797,0.150000008872724,0.037,GW_e
MK,solar,2.1084689233853884,9.008487243418502,10.951584695376729,0.08523,GW_e
NL,CCGT,10.1941,0.0,0.0,10.1941,GW_e
NL,H2 Electrolysis,6.51305141327616e-06,20.84141055775063,24.531322298215834,0.0,GW_e
NL,H2 Fuel Cell,6.761938288667008e-07,14.218776937788718,14.218776937788807,0.0,GW_e
NL,H2 Store,0.0039465053208846464,3473.046164451569,4494.760124784036,0.0,"GWh_lhv,h2"
NL,Haber-Bosch,1.3532177959611846,11.513735801964826,15.444079312521879,0.0,"GW_lhv,nh3"
NL,OCGT,3.414124037606531e-05,0.0,0.0,0.0,GW_e
NL,Sabatier,8.194881044781892e-07,4.1927786254977473e-07,5.4647801272567934e-15,0.0,"GW_lhv,h2"
NL,ammonia cracker,6.72706718744436e-07,4.3231190185068773e-07,5.807641834191221e-15,0.0,"GW_lhv,nh3"
NL,ammonia store,735.7810791520062,8573.50975963901,11104.878435319586,0.0,GW_e
NL,battery,9.132267906801651,13.699723042254366,13.699723042258702,0.0,GWh_e
NL,battery charger,1.5535168325974216,1.553580258864588,2.330370213259515,0.0,GW_e
NL,battery discharger,1.553516832597852,1.553580258865018,2.330370213260161,0.0,GW_e
NL,biomass,3924557.289903062,14014961.74979089,19451384.290892433,0.0,GW_e
NL,co2 stored,0.002448765033236221,0.0015971968450858988,2.3876614065420583e-11,0.0,GW_e
NL,electricity distribution grid,25.009318623737258,27.519077157660142,28.882780740386842,0.0,GW_e
NL,gas_extraction,1112.3597219923658,1112.3597219923658,1112.3597219923658,1112.3597219923658,GW_lhv
NL,gas_stores,4122283.4251191043,14239118.876742383,19616601.515378956,0.0,GW_e
NL,helmeth,2.2080440100442394e-07,1.3326835189918625e-07,1.5451132552769136e-15,0.0,GW_e
NL,home battery,3.947524219019675,6.969291501633574,9.465199041748667,0.0,GWh_e
NL,home battery charger,1.2892560167900893,2.2761610686399387,3.091321062155531,0.0,GW_e
NL,home battery discharger,1.315841412062373,2.3230971627322794,3.155066347250696,0.0,GW_e
NL,nuclear,0.48499999999999993,0.48499999999999993,0.0,0.48499999999999993,GW_e
NL,offwind,11.300000062955606,50.15998866404676,50.16001924700673,2.571,GW_e
NL,onwind,9.539641689548004,11.519683754883072,11.001684231411065,6.23112,GW_e
NL,solar,25.168786234563836,40.47942769533523,55.790093788859174,18.848689999999994,GW_e
NO,CCGT,0.638,0.0,0.0,0.638,GW_e
NO,H2 Electrolysis,6.08176878113117e-06,0.0001710057832323405,1.3360629673077986e-12,0.0,GW_e
NO,H2 Fuel Cell,5.640854041478793e-07,1.5240973352681915e-06,1.3054702829740529e-14,0.0,GW_e
NO,H2 Store,1.7989872607008335e-05,1.2462572494050208e-05,2.1847835732490059e-13,0.0,"GWh_lhv,h2"
NO,Haber-Bosch,1.19924194370984,1.1992447492964777,1.1992419437098896,0.0,"GW_lhv,nh3"
NO,OCGT,2.618280366606461e-06,0.0,0.0,0.0,GW_e
NO,PHS,0.2823,0.2823,0.2823,0.2823,GW_e
NO,Sabatier,8.194915551292801e-07,4.1927793627199627e-07,5.464796068337492e-15,0.0,"GW_lhv,h2"
NO,ammonia cracker,6.699069917568746e-07,4.199158039106943e-07,5.988001887487519e-15,0.0,"GW_lhv,nh3"
NO,ammonia store,180.59552825138863,1034.7019744789857,1034.7019744790236,0.0,GW_e
NO,battery,3.6207546686350575e-05,5.16568458978769,5.165684589790019,0.0,GWh_e
NO,battery charger,1.1831744161951943e-05,0.5857996863667678,0.5857996863673761,0.0,GW_e
NO,battery discharger,1.1831744161955218e-05,0.58579968636693,0.5857996863675383,0.0,GW_e
NO,biomass,3924557.257181645,14014961.575855235,19451384.249778736,0.0,GW_e
NO,co2 stored,0.002448765081672555,0.0015972169202104443,2.3876197203246553e-11,0.0,GW_e
NO,electricity distribution grid,23.559473506413614,24.16087966418267,24.41788691640579,0.0,GW_e
NO,gas_extraction,21540.600909287292,21540.600909287292,21540.600909287292,21540.600909287292,GW_lhv
NO,gas_stores,4132565.843598088,14329568.708604915,19618927.540088918,0.0,GW_e
NO,helmeth,2.2079048219251056e-07,1.3326680012453077e-07,1.5450119057019528e-15,0.0,GW_e
NO,home battery,2.495764226431948,6.04327432212392,8.089624130320374,0.0,GWh_e
NO,home battery charger,0.8151131895862617,1.4680335969242384,1.6619140536078862,0.0,GW_e
NO,home battery discharger,0.8319214154580753,1.4983055157200051,1.6961839282086904,0.0,GW_e
NO,hydro,28.713680200000002,28.713680200000002,28.713680200000002,28.713680200000002,GW_e
NO,offwind,0.06401294987432744,6.650586088178368,6.6505780716719185,0.064,GW_e
NO,onwind,7.250000195568514,20.519619142565023,20.303606356289276,5.0676999999999985,GW_e
NO,ror,0.2105,0.2105,0.2105,0.2105,GW_e
NO,solar,0.2877452514152146,2.272261695698762,4.256936521096896,0.28752999999999995,GW_e
PL,CCGT,4.130957823978885,0.0,0.0,4.130957823978885,GW_e
PL,H2 Electrolysis,4.151059654678527e-06,18.156832130810635,29.538365342049822,0.0,GW_e
PL,H2 Fuel Cell,6.941844902709169e-07,2.1404011675657904,2.1404011675663046,0.0,GW_e
PL,H2 Store,0.001994776678587345,1730.5532730060092,3965.281598849916,0.0,"GWh_lhv,h2"
PL,Haber-Bosch,1.4502660813024704,1.68506382220898,1.6850638222119267,0.0,"GW_lhv,nh3"
PL,OCGT,11.051652689453014,0.0,0.0,0.0,GW_e
PL,PHS,1.706,1.706,1.706,1.706,GW_e
PL,Sabatier,8.194915352438582e-07,4.192787663971777e-07,5.464830527172411e-15,0.0,"GW_lhv,h2"
PL,ammonia cracker,6.68094374941788e-07,4.282881043966112e-07,5.730629689650533e-15,0.0,"GW_lhv,nh3"
PL,ammonia store,512.1522931758797,1299.2957107483164,1411.2400119243687,0.0,GW_e
PL,battery,0.0007718796174195289,9.933349681788455,14.03782248012833,0.0,GWh_e
PL,battery charger,0.00013383227742633336,1.1264645148254064,1.5919213970369375,0.0,GW_e
PL,battery discharger,0.0001338322774263704,1.1264645148257184,1.591921397037378,0.0,GW_e
PL,biomass,3924553.9111118317,14014961.698521657,19451384.60226831,0.0,GW_e
PL,co2 stored,0.0024487651004346345,0.0015972483675747368,2.3876317553356564e-11,0.0,GW_e
PL,electricity distribution grid,22.967389365464392,24.516199635410423,24.51619963541047,0.0,GW_e
PL,gas_extraction,36.92907286092496,36.92907286092496,36.92907286092496,36.92907286092496,GW_lhv
PL,gas_stores,4121387.2312619197,14282874.586553438,19614302.017850965,0.0,GW_e
PL,helmeth,2.208020085333922e-07,1.332692482153202e-07,1.5450772215831647e-15,0.0,GW_e
PL,home battery,2.694186830914818,11.158576027099214,16.560806638715253,0.0,GWh_e
PL,home battery charger,0.8799177315809754,3.064009000449654,4.677991055652406,0.0,GW_e
PL,home battery discharger,0.8980622741671824,3.1271910909995184,4.7744546281896625,0.0,GW_e
PL,hydro,0.23210191082802545,0.23210191082802545,0.23210191082802545,0.23210191082802545,GW_e
PL,offwind,5.900000000793168,5.899995035490285,5.899991902237658,0.0,GW_e
PL,onwind,10.503355888525242,60.589801044824874,65.75320722258962,7.98334,GW_e
PL,ror,0.182400368779544,0.182400368779544,0.182400368779544,0.182400368779544,GW_e
PL,solar,17.95831866306466,55.715969919045556,92.2011222871305,11.16652,GW_e
PT,CCGT,4.169,0.0,0.0,4.169,GW_e
PT,H2 Electrolysis,0.15606596566410932,2.839900826522342,6.8555103655443235,0.0,GW_e
PT,H2 Fuel Cell,3.7073418648509776e-07,6.120965583747259e-07,6.0947779643281354e-15,0.0,GW_e
PT,H2 Store,0.7507056760898887,157.82869241068067,354.97113178062943,0.0,"GWh_lhv,h2"
PT,Haber-Bosch,1.8339182434833891e-06,0.6532410539695278,1.00609176044343,0.0,"GW_lhv,nh3"
PT,OCGT,8.02959727603752e-07,0.0,0.0,0.0,GW_e
PT,PHS,2.642,2.642,2.642,2.642,GW_e
PT,Sabatier,8.194924762463449e-07,4.192792334408279e-07,5.464877746424297e-15,0.0,"GW_lhv,h2"
PT,ammonia cracker,8.056576484107409e-07,4.099319675187835e-07,5.4482120052192574e-15,0.0,"GW_lhv,nh3"
PT,ammonia store,0.0026909526642757806,503.99465423032314,707.2552543152623,0.0,GW_e
PT,battery,5.0555710569048784e-05,43.57279008246049,59.68905154390711,0.0,GWh_e
PT,battery charger,1.6508075031195316e-05,6.4418227477132275,10.15331385510002,0.0,GW_e
PT,battery discharger,1.6508075031199883e-05,6.44182274771501,10.15331385510283,0.0,GW_e
PT,biomass,3924553.6710075624,14014961.72907638,19451384.179674882,0.0,GW_e
PT,co2 stored,0.002448764912026318,0.001597248909724202,2.3876400394710276e-11,0.0,GW_e
PT,electricity distribution grid,8.456836934890775,8.456839854729603,8.456836934890791,0.0,GW_e
PT,gas_extraction,9.2356544,9.2356544,9.2356544,9.2356544,GW_lhv
PT,gas_stores,4127613.2895216364,14236365.388918305,19613165.47641685,0.0,GW_e
PT,helmeth,2.2080796427802208e-07,1.332667049317018e-07,1.5455413922420013e-15,0.0,GW_e
PT,home battery,1.0386355866586316,3.044568972971438,3.044568972972399,0.0,GWh_e
PT,home battery charger,0.3392169578796756,0.7008015314647364,0.7008015314648066,0.0,GW_e
PT,home battery discharger,0.3462118578769203,0.7152525679375373,0.7152525679376092,0.0,GW_e
PT,hydro,1.5204000000000002,1.5204000000000002,1.5204000000000002,1.5204000000000002,GW_e
PT,offwind,0.13000004351623337,0.1299998071976593,0.12999750914580663,0.025,GW_e
PT,onwind,9.02549002100182,8.942527207776035,23.18786297672757,5.55582,GW_e
PT,ror,2.6385,2.6385,2.6385,2.6385,GW_e
PT,solar,18.20602675694476,30.91475494328714,39.64223802563337,2.3627800000000003,GW_e
RO,CCGT,1.0085900853719183,0.0,0.0,1.0085900853719183,GW_e
RO,H2 Electrolysis,0.0065946494660164435,3.5093844933469756,11.106947355971709,0.0,GW_e
RO,H2 Fuel Cell,4.94971287942193e-07,6.745962667610146e-07,8.385216019195746e-15,0.0,GW_e
RO,H2 Store,1.7983470320346285e-05,1.7198093245595436e-05,4.959979031028735e-13,0.0,"GWh_lhv,h2"
RO,Haber-Bosch,0.4748514687255829,0.5658485194891357,0.9045747694552769,0.0,"GW_lhv,nh3"
RO,OCGT,1.7819482166950469e-06,0.0,0.0,0.0,GW_e
RO,Sabatier,8.194988806087879e-07,4.192787220490217e-07,5.464798604392808e-15,0.0,"GW_lhv,h2"
RO,ammonia cracker,6.710629225423092e-07,4.4382066504939885e-07,5.988077245780765e-15,0.0,"GW_lhv,nh3"
RO,ammonia store,100.10968563809531,587.284589656357,998.4237153483742,0.0,GW_e
RO,battery,5.452201431255099,59.27408983956894,120.99464646533217,0.0,GWh_e
RO,battery charger,1.780681397074928,7.161158226599676,15.810768084961348,0.0,GW_e
RO,battery discharger,1.7806813970754207,7.16115822660166,15.810768084965725,0.0,GW_e
RO,biomass,3924553.956724627,14014961.837857543,19451384.26699832,0.0,GW_e
RO,co2 stored,0.0024487654223638603,0.0015971971016265699,2.3876294139342098e-11,0.0,GW_e
RO,electricity distribution grid,7.516275207105799,7.974470146358936,8.417761879055936,0.0,GW_e
RO,gas_extraction,1672.2249556478207,1672.2249556478207,1672.2249556478207,1672.2249556478207,GW_lhv
RO,gas_stores,4126040.1335642203,14287358.99665378,19614066.15962681,0.0,GW_e
RO,helmeth,2.208236019799564e-07,1.3327493516170265e-07,1.5451109007075463e-15,0.0,GW_e
RO,home battery,6.158374600577646,8.347544828633492,8.666796588396297,0.0,GWh_e
RO,home battery charger,1.3678215994827316,1.9895394782684888,2.2509372994412304,0.0,GW_e
RO,home battery discharger,1.3960270741213165,2.0305652270342534,2.2973532610962035,0.0,GW_e
RO,hydro,5.636880127388535,5.636880127388535,5.636880127388535,5.636880127388535,GW_e
RO,nuclear,1.3,1.3,0.0,1.3,GW_e
RO,offwind,5.249677234293829e-06,2.7835869845169174,2.7835870803596983,0.0,GW_e
RO,onwind,4.44056082254786,4.4405692426918435,4.440554543390908,3.2555200000000006,GW_e
RO,ror,0.87045,0.87045,0.87045,0.87045,GW_e
RO,solar,16.248468333118144,48.39432547234471,89.92180829508439,1.4289900000000002,GW_e
RS,CCGT,0.2,0.0,0.0,0.2,GW_e
RS,H2 Electrolysis,4.790088497986881e-05,2.2166154501931663,3.817869895424971,0.0,GW_e
RS,H2 Fuel Cell,5.214036930137437e-07,1.0061883896631382e-06,1.1999139852539297e-14,0.0,GW_e
RS,H2 Store,1.796796854622079e-05,1.3053601780005154e-05,3.5501352384183767e-13,0.0,"GWh_lhv,h2"
RS,Haber-Bosch,0.30099618982758236,0.3428716685763531,0.42990080942373526,0.0,"GW_lhv,nh3"
RS,OCGT,1.9728382956881966e-06,0.0,0.0,0.0,GW_e
RS,PHS,0.614,0.614,0.614,0.614,GW_e
RS,Sabatier,8.194983964468396e-07,4.192788727171981e-07,5.464847731181111e-15,0.0,"GW_lhv,h2"
RS,ammonia cracker,6.717220671860697e-07,4.4189563340510494e-07,5.951784095525958e-15,0.0,"GW_lhv,nh3"
RS,ammonia store,62.66654740517934,338.76414495301515,357.7930807918546,0.0,GW_e
RS,battery,2.8487425699988593,45.5542740717857,52.92551918299739,0.0,GWh_e
RS,battery charger,0.9303923958570167,5.165967742969293,6.257400908581536,0.0,GW_e
RS,battery discharger,0.9303923958572742,5.165967742970723,6.257400908583268,0.0,GW_e
RS,biomass,3924553.7552343123,14014961.721161338,19451384.325031992,0.0,GW_e
RS,co2 stored,0.002448765357381103,0.0015972167463624842,2.387620059159589e-11,0.0,GW_e
RS,electricity distribution grid,8.118389461521222,9.081123486096349,9.5138724429785,0.0,GW_e
RS,gas_stores,4124396.214135004,14304966.4761375,19610434.22192898,0.0,GW_e
RS,helmeth,2.2080671025017106e-07,1.3327227997548347e-07,1.5461592540764612e-15,0.0,GW_e
RS,home battery,3.131762927570837,4.77608559277265,7.166583118773286,0.0,GWh_e
RS,home battery charger,0.7810309447943511,1.2297508479958774,1.6826556376231994,0.0,GW_e
RS,home battery discharger,0.7971363700293947,1.2551092034773546,1.7173532187481066,0.0,GW_e
RS,hydro,0.7901,0.7901,0.7901,0.7901,GW_e
RS,onwind,3.0800000955052447,3.0800028615551045,3.079997416219338,0.398,GW_e
RS,ror,1.7084,1.7084,1.7084,1.7084,GW_e
RS,solar,7.123526645235696,31.347901433765706,42.638276686753315,0.0,GW_e
SE,CCGT,1.373,0.0,0.0,1.373,GW_e
SE,H2 Electrolysis,5.639765695068235e-06,1.9270521844062283,9.677870913360461,0.0,GW_e
SE,H2 Fuel Cell,6.60368084300813e-07,3.0024657673694043e-06,1.5507930391701472e-14,0.0,GW_e
SE,H2 Store,1.8032980857690607e-05,1.3836750274196531e-05,2.622590396331655e-13,0.0,"GWh_lhv,h2"
SE,Haber-Bosch,1.8267858355039975e-06,2.342997724108041,4.193991377862532,0.0,"GW_lhv,nh3"
SE,OCGT,2.8200012427456926e-05,0.0,0.0,0.0,GW_e
SE,PHS,0.092,0.092,0.092,0.092,GW_e
SE,Sabatier,8.194926653237154e-07,4.1926660511481133e-07,5.464741936213797e-15,0.0,"GW_lhv,h2"
SE,ammonia cracker,8.016720460346197e-07,4.1535953171552656e-07,5.742743164538951e-15,0.0,"GW_lhv,nh3"
SE,ammonia store,0.0026866307178351296,1781.3708579305796,2864.699580791487,0.0,GW_e
SE,battery,8.404094261588334e-05,27.502380635268775,27.502380635273504,0.0,GWh_e
SE,battery charger,2.7429115256518716e-05,3.1188325531922416,3.118832553193183,0.0,GW_e
SE,battery discharger,2.742911525652631e-05,3.118832553193105,3.118832553194047,0.0,GW_e
SE,biomass,3924553.505438303,14014961.755988823,19451384.59593927,0.0,GW_e
SE,co2 stored,0.002448765161835417,0.0015971964157339826,2.387622308958564e-11,0.0,GW_e
SE,electricity distribution grid,24.38965480776678,24.3896556967208,24.389654807766792,0.0,GW_e
SE,gas_extraction,1.3193792,1.3193792,1.3193792,1.3193792,GW_lhv
SE,gas_stores,4118713.8509869054,14302611.047483204,19612798.57369429,0.0,GW_e
SE,helmeth,2.208015748647925e-07,1.332591951205949e-07,1.54492725919498e-15,0.0,GW_e
SE,home battery,4.774865425246049,4.774881401560557,4.774865425246349,0.0,GWh_e
SE,home battery charger,1.5594645172493973,1.5594685767043546,1.5594645172494492,0.0,GW_e
SE,home battery discharger,1.5916218080157403,1.5916259511796065,1.5916218080157936,0.0,GW_e
SE,hydro,11.881718930875774,11.881718930875774,11.881718930875774,11.881718930875774,GW_e
SE,nuclear,4.661,4.661,0.0,4.661,GW_e
SE,offwind,1.2010007444163038,7.160419910378277,7.160009154029023,0.204,GW_e
SE,onwind,16.950001084119684,49.05162619731974,79.1837123179145,14.364,GW_e
SE,ror,1.776,1.776,1.776,1.776,GW_e
SE,solar,10.335148539524916,18.094279842584605,26.287078797227863,2.5759999999999996,GW_e
SI,CCGT,0.43399999999999994,0.0,0.0,0.43399999999999994,GW_e
SI,H2 Electrolysis,6.932895509829789e-06,1.0902681044630147e-05,7.126214197341732e-13,0.0,GW_e
SI,H2 Fuel Cell,5.529734225945995e-07,9.471680146586874e-06,4.614080566296881e-14,0.0,GW_e
SI,H2 Store,1.7940044517736273e-05,1.2062743123656529e-05,2.1090115130990605e-13,0.0,"GWh_lhv,h2"
SI,Haber-Bosch,1.8243889059343321e-06,0.07855202779019817,0.11651182081397402,0.0,"GW_lhv,nh3"
SI,OCGT,2.447915366921204e-06,0.0,0.0,0.0,GW_e
SI,PHS,0.18,0.18,0.18,0.18,GW_e
SI,Sabatier,8.319576958814991e-07,4.192787823076139e-07,5.464789178483498e-15,0.0,"GW_lhv,h2"
SI,ammonia cracker,7.94472919873145e-07,4.3175054984894414e-07,5.767207382805864e-15,0.0,"GW_lhv,nh3"
SI,ammonia store,0.0026889303699683463,66.14558585527777,111.74681415159637,0.0,GW_e
SI,battery,0.00035992519319325255,10.951320245625846,10.951320245629926,0.0,GWh_e
SI,battery charger,0.00011658266746272756,1.24190644381077,1.2419064438123306,0.0,GW_e
SI,battery discharger,0.00011658266746275983,1.2419064438111138,1.2419064438126743,0.0,GW_e
SI,biomass,3924553.743028788,14014961.855750872,19451384.25072056,0.0,GW_e
SI,co2 stored,0.002448765645095381,0.0015971968407631502,2.3876321318455804e-11,0.0,GW_e
SI,electricity distribution grid,2.251369083412865,2.251371015474111,2.2513690834128766,0.0,GW_e
SI,gas_stores,4104769.7135685473,14343457.163186058,19609051.802487087,0.0,GW_e
SI,helmeth,2.2079593015027188e-07,1.3326664023956915e-07,1.5455569809912737e-15,0.0,GW_e
SI,home battery,0.2756197529113404,0.42869075000373014,0.42869075000393914,0.0,GWh_e
SI,home battery charger,0.08625896416801862,0.14000979763708632,0.1400097976371572,0.0,GW_e
SI,home battery discharger,0.08803768664696741,0.14289690133386926,0.14289690133394164,0.0,GW_e
SI,hydro,0.118,0.118,0.118,0.118,GW_e
SI,nuclear,0.696,0.696,0.0,0.696,GW_e
SI,offwind,6.002490492603515e-07,4.914034748007256e-07,8.262871678141038e-15,0.0,GW_e
SI,onwind,0.14667001412143513,0.14667071372565826,0.14667001412144431,0.0,GW_e
SI,ror,0.9122750000000001,0.9122750000000001,0.9122750000000001,0.9122750000000001,GW_e
SI,solar,0.6371924418669642,2.914230126694054,5.191296818909371,0.63711,GW_e
SK,CCGT,0.9808261304438983,0.0,0.0,0.9808261304438983,GW_e
SK,H2 Electrolysis,7.5916926791373615e-06,8.767488564309609e-05,0.043504852868050184,0.0,GW_e
SK,H2 Fuel Cell,6.667328389395679e-07,6.3341780902221126e-06,0.4085726466957325,0.0,GW_e
SK,H2 Store,1.794535289049238e-05,1.2114111060045254e-05,2.0586295169919178e-13,0.0,"GWh_lhv,h2"
SK,Haber-Bosch,0.27037769447718324,0.2703916930906939,0.2703776944772635,0.0,"GW_lhv,nh3"
SK,OCGT,2.940008812051344e-05,0.0,0.0,0.0,GW_e
SK,PHS,0.822453,0.822453,0.822453,0.822453,GW_e
SK,Sabatier,8.194936752586428e-07,4.1927835272277886e-07,5.464831717796432e-15,0.0,"GW_lhv,h2"
SK,ammonia cracker,6.721695203385107e-07,4.373803839168843e-07,5.9500010971903976e-15,0.0,"GW_lhv,nh3"
SK,ammonia store,94.99160573809445,258.3181546464675,258.31815464662304,0.0,GW_e
SK,battery,5.4806359764882915,22.07578594107948,31.56231576421633,0.0,GWh_e
SK,battery charger,0.9322800859279592,2.5034471051837675,3.5792392927263372,0.0,GW_e
SK,battery discharger,0.9322800859282172,2.5034471051844602,3.5792392927273275,0.0,GW_e
SK,biomass,3924553.466236693,14014961.669061314,19451384.452625874,0.0,GW_e
SK,co2 stored,0.002448765274967973,0.001597196922076749,2.387625012485383e-11,0.0,GW_e
SK,electricity distribution grid,4.134802812214436,4.306160292734121,4.312186370520107,0.0,GW_e
SK,gas_extraction,94.06810034281432,94.06810034281432,94.06810034281432,94.06810034281432,GW_lhv
SK,gas_stores,4119961.468350403,14247398.922511093,19613529.06862072,0.0,GW_e
SK,helmeth,2.2080126131181876e-07,1.3326865827501535e-07,1.5459260496804149e-15,0.0,GW_e
SK,home battery,0.9702761581426331,2.217521575670788,3.45050014773847,0.0,GWh_e
SK,home battery charger,0.31689084789274546,0.6119069187945118,0.859002211483362,0.0,GW_e
SK,home battery discharger,0.323425367289733,0.624524883802346,0.8767154608571434,0.0,GW_e
SK,hydro,0.2419,0.2419,0.2419,0.2419,GW_e
SK,nuclear,1.94,1.94,0.0,1.94,GW_e
SK,onwind,0.49600003346836175,0.49600202573379715,0.4960000334683948,0.0,GW_e
SK,ror,1.36346,1.36346,1.36346,1.36346,GW_e
SK,solar,6.078565734801358,11.50613935351122,16.933698043927578,0.651,GW_e
ga,gas pipeline,1130.4791811845569,1108.2790226474365,1154.012813357587,0.0,GW_e
ga,gas pipeline new,1.23635130714178,1.2363310527267797,1.2361709834772874,0.0,GW_e
